{
  "residential_simulation_controls": {
    "timesteps_per_hr": 6,
    "begin_month": 1,
    "begin_day_of_month": 1,
    "end_month": 12,
    "end_day_of_month": 31,
    "calendar_year": 2018,
    "applicable": true
  },
  "build_existing_model": {
    "building_id": 1166,
    "workflow_json": "measure-info.json",
    "number_of_buildings_represented": 2800,
    "sample_weight": 0.0,
    "location_region": "CR11",
    "location": "CA_Los.Angeles.Intl.AP.722950",
    "location_weather_filename": "USA_CA_Los.Angeles.Intl.AP.722950_TMY3.epw",
    "location_weather_year": "TMY3",
    "vintage": "2000s",
    "heating_fuel": "Electricity",
    "usage_level": "Medium",
    "geometry_attic_type": "Finished Attic or Cathedral Ceilings",
    "geometry_building_type_recs": "Single-Family Detached",
    "geometry_number_units": "1",
    "geometry_foundation_type": "Slab",
    "geometry_wall_type": "Masonry",
    "geometry_stories": "2+",
    "geometry_garage": "3 Car",
    "geometry_house_size": "1500-2499",
    "bedrooms": "4",
    "corridor": "None",
    "occupants": "3",
    "orientation": "North",
    "eaves": "2 ft",
    "door_area": "20 ft^2",
    "window_areas": "F15 B15 L15 R15",
    "overhangs": "None",
    "neighbors": "Left/Right at 15ft",
    "insulation_unfinished_attic": "Ceiling R-38, Vented",
    "insulation_finished_roof": "None",
    "radiant_barrier_unfinished_attic": "None",
    "roof_material": "Asphalt Shingles, Medium",
    "insulation_slab": "Uninsulated",
    "insulation_crawlspace": "None",
    "insulation_unfinished_basement": "None",
    "insulation_finished_basement": "None",
    "insulation_pier_beam": "None",
    "insulation_interzonal_floor": "R-19",
    "insulation_wall": "CMU, 6-in Hollow, R-11",
    "interior_shading": "Summer = 0.7, Winter = 0.7",
    "windows": "Low-E, Double, Non-metal, Air, L-Gain",
    "doors": "Fiberglass",
    "water_heater": "Gas Standard",
    "hot_water_fixtures": "100% Usage",
    "hot_water_distribution": "Uninsulated, HomeRun, PEX",
    "solar_hot_water": "None",
    "hvac_system_is_heat_pump": "No",
    "hvac_system_heat_pump": "None",
    "hvac_system_heating_electricity": "Electric Baseboard",
    "hvac_system_heating_natural_gas": "None",
    "hvac_system_heating_propane": "None",
    "hvac_system_heating_fuel_oil": "None",
    "hvac_system_heating_other_fuel": "None",
    "hvac_system_heating_none": "None",
    "hvac_system_cooling": "AC, SEER 10",
    "hvac_system_cooling_type": "Central",
    "heating_setpoint": "70F",
    "cooling_setpoint": "72F",
    "heating_setpoint_has_offset": "Yes",
    "cooling_setpoint_has_offset": "No",
    "heating_setpoint_offset_magnitude": "12F",
    "cooling_setpoint_offset_magnitude": "0F",
    "cooling_setpoint_offset_period": "None",
    "heating_setpoint_offset_period": "Night",
    "ceiling_fan": "National Average",
    "dehumidifier": "None",
    "refrigerator": "EF 15.9",
    "refrigeration_schedule": "National Average",
    "cooking_range": "Gas, 100% Usage",
    "cooking_range_schedule": "National Average",
    "dishwasher": "290 Rated kWh, 100% Usage",
    "clothes_washer_presence": "Yes",
    "clothes_washer": "EnergyStar, 100% Usage",
    "clothes_dryer": "Electric, 100% Usage",
    "lighting": "100% Incandescent",
    "lighting_interior_use": "100% Usage",
    "lighting_other_use": "100% Usage",
    "holiday_lighting": "No Exterior Use",
    "plug_loads": "100%",
    "plug_loads_schedule": "National Average",
    "electric_vehicle": "None",
    "misc_extra_refrigerator": "None",
    "misc_freezer": "None",
    "misc_gas_fireplace": "None",
    "misc_gas_grill": "None",
    "misc_gas_lighting": "None",
    "misc_hot_tub_spa": "None",
    "misc_pool": "None",
    "misc_pool_heater": "None",
    "misc_pool_pump": "None",
    "misc_pool_schedule": "National Average",
    "misc_well_pump": "None",
    "ducts": "20% Leakage, R-8",
    "infiltration": "7 ACH50",
    "natural_ventilation": "Year-Round, 3 days/wk",
    "mechanical_ventilation": "None",
    "bathroom_spot_vent_hour": "Hour18",
    "range_spot_vent_hour": "Hour17",
    "pv": "None",
    "days_shifted": "Day228",
    "location_city": "Los Angeles Intl Arpt",
    "location_state": "CA",
    "location_latitude": "33.93",
    "location_longitude": "-118.4",
    "climate_zone_ba": "Hot-Dry",
    "climate_zone_iecc": "3B",
    "units_represented": "1",
    "units_modeled": "1",
    "weight": "0.0",
    "applicable": true
  },
  "building_characteristics_report": {
    "workflow_json": "measure-info.json",
    "location_region": "CR11",
    "location": "CA_Los.Angeles.Intl.AP.722950",
    "location_weather_filename": "USA_CA_Los.Angeles.Intl.AP.722950_TMY3.epw",
    "location_weather_year": "TMY3",
    "vintage": "2000s",
    "heating_fuel": "Electricity",
    "usage_level": "Medium",
    "geometry_attic_type": "Finished Attic or Cathedral Ceilings",
    "geometry_building_type_recs": "Single-Family Detached",
    "geometry_number_units": "1",
    "geometry_foundation_type": "Slab",
    "geometry_wall_type": "Masonry",
    "geometry_stories": "2+",
    "geometry_garage": "3 Car",
    "geometry_house_size": "1500-2499",
    "bedrooms": "4",
    "corridor": "None",
    "occupants": "3",
    "orientation": "North",
    "eaves": "2 ft",
    "door_area": "20 ft^2",
    "window_areas": "F15 B15 L15 R15",
    "overhangs": "None",
    "neighbors": "Left/Right at 15ft",
    "insulation_unfinished_attic": "Ceiling R-38, Vented",
    "insulation_finished_roof": "None",
    "radiant_barrier_unfinished_attic": "None",
    "roof_material": "Asphalt Shingles, Medium",
    "insulation_slab": "Uninsulated",
    "insulation_crawlspace": "None",
    "insulation_unfinished_basement": "None",
    "insulation_finished_basement": "None",
    "insulation_pier_beam": "None",
    "insulation_interzonal_floor": "R-19",
    "insulation_wall": "CMU, 6-in Hollow, R-11",
    "interior_shading": "Summer = 0.7, Winter = 0.7",
    "windows": "Low-E, Double, Non-metal, Air, L-Gain",
    "doors": "Fiberglass",
    "water_heater": "Gas Standard",
    "hot_water_fixtures": "100% Usage",
    "hot_water_distribution": "Uninsulated, HomeRun, PEX",
    "solar_hot_water": "None",
    "hvac_system_is_heat_pump": "No",
    "hvac_system_heat_pump": "None",
    "hvac_system_heating_electricity": "Electric Baseboard",
    "hvac_system_heating_natural_gas": "None",
    "hvac_system_heating_propane": "None",
    "hvac_system_heating_fuel_oil": "None",
    "hvac_system_heating_other_fuel": "None",
    "hvac_system_heating_none": "None",
    "hvac_system_cooling": "AC, SEER 10",
    "hvac_system_cooling_type": "Central",
    "heating_setpoint": "70F",
    "cooling_setpoint": "72F",
    "heating_setpoint_has_offset": "Yes",
    "cooling_setpoint_has_offset": "No",
    "heating_setpoint_offset_magnitude": "12F",
    "cooling_setpoint_offset_magnitude": "0F",
    "cooling_setpoint_offset_period": "None",
    "heating_setpoint_offset_period": "Night",
    "ceiling_fan": "National Average",
    "dehumidifier": "None",
    "refrigerator": "EF 15.9",
    "refrigeration_schedule": "National Average",
    "cooking_range": "Gas, 100% Usage",
    "cooking_range_schedule": "National Average",
    "dishwasher": "290 Rated kWh, 100% Usage",
    "clothes_washer_presence": "Yes",
    "clothes_washer": "EnergyStar, 100% Usage",
    "clothes_dryer": "Electric, 100% Usage",
    "lighting": "100% Incandescent",
    "lighting_interior_use": "100% Usage",
    "lighting_other_use": "100% Usage",
    "holiday_lighting": "No Exterior Use",
    "plug_loads": "100%",
    "plug_loads_schedule": "National Average",
    "electric_vehicle": "None",
    "misc_extra_refrigerator": "None",
    "misc_freezer": "None",
    "misc_gas_fireplace": "None",
    "misc_gas_grill": "None",
    "misc_gas_lighting": "None",
    "misc_hot_tub_spa": "None",
    "misc_pool": "None",
    "misc_pool_heater": "None",
    "misc_pool_pump": "None",
    "misc_pool_schedule": "National Average",
    "misc_well_pump": "None",
    "ducts": "20% Leakage, R-8",
    "infiltration": "7 ACH50",
    "natural_ventilation": "Year-Round, 3 days/wk",
    "mechanical_ventilation": "None",
    "bathroom_spot_vent_hour": "Hour18",
    "range_spot_vent_hour": "Hour17",
    "pv": "None",
    "days_shifted": "Day228",
    "location_city": "Los Angeles Intl Arpt",
    "location_state": "CA",
    "location_latitude": "33.93",
    "location_longitude": "-118.4",
    "climate_zone_ba": "Hot-Dry",
    "climate_zone_iecc": "3B",
    "units_represented": "1",
    "units_modeled": "1",
    "weight": "0.0",
    "applicable": true
  },
  "simulation_output_report": {
    "include_enduse_subcategories": false,
    "total_site_electricity_kwh": 10044.269495244385,
    "net_site_electricity_kwh": 10044.269495244385,
    "electricity_heating_kwh": 1305.1131707815412,
    "electricity_central_system_heating_kwh": 0.0,
    "electricity_cooling_kwh": 1336.5366193645198,
    "electricity_central_system_cooling_kwh": 0.0,
    "electricity_interior_lighting_kwh": 1706.8290931714348,
    "electricity_exterior_lighting_kwh": 349.0694196189614,
    "electricity_exterior_holiday_lighting_kwh": 0.0,
    "electricity_garage_lighting_kwh": 92.8283918655512,
    "electricity_interior_equipment_kwh": 4864.707082860577,
    "electricity_fans_heating_kwh": 0.0,
    "electricity_fans_cooling_kwh": 389.1857175817993,
    "electricity_pumps_heating_kwh": 0.0,
    "electricity_central_system_pumps_heating_kwh": 0.0,
    "electricity_pumps_cooling_kwh": 0.0,
    "electricity_central_system_pumps_cooling_kwh": 0.0,
    "electricity_water_systems_kwh": 0.0,
    "electricity_pv_kwh": 0.0,
    "total_site_natural_gas_therm": 170.46205176892755,
    "natural_gas_heating_therm": 0.0,
    "natural_gas_central_system_heating_therm": 0.0,
    "natural_gas_interior_equipment_therm": 33.32608740190081,
    "natural_gas_water_systems_therm": 137.13596436702673,
    "total_site_fuel_oil_mbtu": 0.0,
    "fuel_oil_heating_mbtu": 0.0,
    "fuel_oil_central_system_heating_mbtu": 0.0,
    "fuel_oil_water_systems_mbtu": 0.0,
    "total_site_propane_mbtu": 0.0,
    "propane_heating_mbtu": 0.0,
    "propane_central_system_heating_mbtu": 0.0,
    "propane_interior_equipment_mbtu": 0.0,
    "propane_water_systems_mbtu": 0.0,
    "total_site_wood_mbtu": 0.0,
    "wood_heating_mbtu": 0.0,
    "total_site_energy_mbtu": 51.3145864678461,
    "net_site_energy_mbtu": 51.3145864678461,
    "hours_heating_setpoint_not_met": 36.33,
    "hours_cooling_setpoint_not_met": 0.0,
    "hvac_cooling_capacity_w": 7421.42812954605,
    "hvac_heating_capacity_w": 4899.38714511439,
    "hvac_heating_supp_capacity_w": 0.0,
    "weight": 0.0,
    "wall_area_above_grade_conditioned_ft_2": 2303.89,
    "wall_area_above_grade_exterior_ft_2": 2740.26,
    "wall_area_below_grade_ft_2": 0.0,
    "floor_area_conditioned_ft_2": 2000.0,
    "floor_area_attic_ft_2": 1432.0,
    "floor_area_lighting_ft_2": 2864.0,
    "roof_area_ft_2": 1558.35,
    "window_area_ft_2": 287.98,
    "door_area_ft_2": 20.0,
    "duct_surface_area_ft_2": 640.0,
    "size_heating_system_kbtu_h": 16.72,
    "size_cooling_system_kbtu_h": 25.32,
    "size_water_heater_gal": 40.0,
    "upgrade_name": "",
    "upgrade_cost_usd": "",
    "applicable": true
  },
  "timeseries_csv_export": {
    "reporting_frequency": "Hourly",
    "include_enduse_subcategories": false,
    "applicable": true
  },
  "server_directory_cleanup": {
    "applicable": true
  }
}