{
  "residential_simulation_controls": {
    "timesteps_per_hr": 6,
    "begin_month": 1,
    "begin_day_of_month": 1,
    "end_month": 12,
    "end_day_of_month": 31,
    "calendar_year": 2018,
    "applicable": true
  },
  "build_existing_model": {
    "building_id": 2238,
    "workflow_json": "measure-info.json",
    "number_of_buildings_represented": 2800,
    "sample_weight": 0.0,
    "location_region": "CR10",
    "location": "AZ_Phoenix-Sky.Harbor.Intl.AP.722780",
    "location_weather_filename": "USA_AZ_Phoenix-Sky.Harbor.Intl.AP.722780_TMY3.epw",
    "location_weather_year": "TMY3",
    "vintage": "2000s",
    "heating_fuel": "Electricity",
    "usage_level": "Medium",
    "geometry_attic_type": "Finished Attic or Cathedral Ceilings",
    "geometry_building_type_recs": "Single-Family Detached",
    "geometry_number_units": "1",
    "geometry_foundation_type": "Slab",
    "geometry_wall_type": "WoodStud",
    "geometry_stories": "2+",
    "geometry_garage": "3 Car",
    "geometry_house_size": "1500-2499",
    "bedrooms": "2",
    "corridor": "None",
    "occupants": "2",
    "orientation": "West",
    "eaves": "2 ft",
    "door_area": "20 ft^2",
    "window_areas": "F15 B15 L15 R15",
    "overhangs": "None",
    "neighbors": "Left/Right at 15ft",
    "insulation_unfinished_attic": "Ceiling R-30, Vented",
    "insulation_finished_roof": "None",
    "radiant_barrier_unfinished_attic": "None",
    "roof_material": "Asphalt Shingles, Medium",
    "insulation_slab": "Uninsulated",
    "insulation_crawlspace": "None",
    "insulation_unfinished_basement": "None",
    "insulation_finished_basement": "None",
    "insulation_pier_beam": "None",
    "insulation_interzonal_floor": "R-13",
    "insulation_wall": "Wood Stud, R-11",
    "interior_shading": "Summer = 0.7, Winter = 0.7",
    "windows": "Low-E, Double, Non-metal, Air, L-Gain",
    "doors": "Fiberglass",
    "water_heater": "Gas Standard",
    "hot_water_fixtures": "100% Usage",
    "hot_water_distribution": "Uninsulated, HomeRun, PEX",
    "solar_hot_water": "None",
    "hvac_system_is_heat_pump": "No",
    "hvac_system_heat_pump": "None",
    "hvac_system_heating_electricity": "Electric Baseboard",
    "hvac_system_heating_natural_gas": "None",
    "hvac_system_heating_propane": "None",
    "hvac_system_heating_fuel_oil": "None",
    "hvac_system_heating_other_fuel": "None",
    "hvac_system_heating_none": "None",
    "hvac_system_cooling": "AC, SEER 13",
    "hvac_system_cooling_type": "Central",
    "heating_setpoint": "70F",
    "cooling_setpoint": "77F",
    "heating_setpoint_has_offset": "Yes",
    "cooling_setpoint_has_offset": "Yes",
    "heating_setpoint_offset_magnitude": "3F",
    "cooling_setpoint_offset_magnitude": "2F",
    "cooling_setpoint_offset_period": "Day Setup and Night Setback",
    "heating_setpoint_offset_period": "Day and Night",
    "ceiling_fan": "National Average",
    "dehumidifier": "None",
    "refrigerator": "EF 10.2",
    "refrigeration_schedule": "National Average",
    "cooking_range": "Electric, 100% Usage",
    "cooking_range_schedule": "National Average",
    "dishwasher": "290 Rated kWh, 100% Usage",
    "clothes_washer_presence": "Yes",
    "clothes_washer": "EnergyStar, 100% Usage",
    "clothes_dryer": "Electric, 100% Usage",
    "lighting": "100% CFL",
    "lighting_interior_use": "100% Usage",
    "lighting_other_use": "100% Usage",
    "holiday_lighting": "No Exterior Use",
    "plug_loads": "100%",
    "plug_loads_schedule": "National Average",
    "electric_vehicle": "None",
    "misc_extra_refrigerator": "None",
    "misc_freezer": "None",
    "misc_gas_fireplace": "None",
    "misc_gas_grill": "None",
    "misc_gas_lighting": "None",
    "misc_hot_tub_spa": "None",
    "misc_pool": "None",
    "misc_pool_heater": "None",
    "misc_pool_pump": "None",
    "misc_pool_schedule": "National Average",
    "misc_well_pump": "None",
    "ducts": "30% Leakage, R-8",
    "infiltration": "8 ACH50",
    "natural_ventilation": "Year-Round, 3 days/wk",
    "mechanical_ventilation": "None",
    "bathroom_spot_vent_hour": "Hour4",
    "range_spot_vent_hour": "Hour11",
    "pv": "None",
    "days_shifted": "Day303",
    "location_city": "Phoenix Sky Harbor Intl Ap",
    "location_state": "AZ",
    "location_latitude": "33.45",
    "location_longitude": "-111.98",
    "climate_zone_ba": "Hot-Dry",
    "climate_zone_iecc": "2B",
    "units_represented": "1",
    "units_modeled": "1",
    "weight": "0.0",
    "applicable": true
  },
  "building_characteristics_report": {
    "workflow_json": "measure-info.json",
    "location_region": "CR10",
    "location": "AZ_Phoenix-Sky.Harbor.Intl.AP.722780",
    "location_weather_filename": "USA_AZ_Phoenix-Sky.Harbor.Intl.AP.722780_TMY3.epw",
    "location_weather_year": "TMY3",
    "vintage": "2000s",
    "heating_fuel": "Electricity",
    "usage_level": "Medium",
    "geometry_attic_type": "Finished Attic or Cathedral Ceilings",
    "geometry_building_type_recs": "Single-Family Detached",
    "geometry_number_units": "1",
    "geometry_foundation_type": "Slab",
    "geometry_wall_type": "WoodStud",
    "geometry_stories": "2+",
    "geometry_garage": "3 Car",
    "geometry_house_size": "1500-2499",
    "bedrooms": "2",
    "corridor": "None",
    "occupants": "2",
    "orientation": "West",
    "eaves": "2 ft",
    "door_area": "20 ft^2",
    "window_areas": "F15 B15 L15 R15",
    "overhangs": "None",
    "neighbors": "Left/Right at 15ft",
    "insulation_unfinished_attic": "Ceiling R-30, Vented",
    "insulation_finished_roof": "None",
    "radiant_barrier_unfinished_attic": "None",
    "roof_material": "Asphalt Shingles, Medium",
    "insulation_slab": "Uninsulated",
    "insulation_crawlspace": "None",
    "insulation_unfinished_basement": "None",
    "insulation_finished_basement": "None",
    "insulation_pier_beam": "None",
    "insulation_interzonal_floor": "R-13",
    "insulation_wall": "Wood Stud, R-11",
    "interior_shading": "Summer = 0.7, Winter = 0.7",
    "windows": "Low-E, Double, Non-metal, Air, L-Gain",
    "doors": "Fiberglass",
    "water_heater": "Gas Standard",
    "hot_water_fixtures": "100% Usage",
    "hot_water_distribution": "Uninsulated, HomeRun, PEX",
    "solar_hot_water": "None",
    "hvac_system_is_heat_pump": "No",
    "hvac_system_heat_pump": "None",
    "hvac_system_heating_electricity": "Electric Baseboard",
    "hvac_system_heating_natural_gas": "None",
    "hvac_system_heating_propane": "None",
    "hvac_system_heating_fuel_oil": "None",
    "hvac_system_heating_other_fuel": "None",
    "hvac_system_heating_none": "None",
    "hvac_system_cooling": "AC, SEER 13",
    "hvac_system_cooling_type": "Central",
    "heating_setpoint": "70F",
    "cooling_setpoint": "77F",
    "heating_setpoint_has_offset": "Yes",
    "cooling_setpoint_has_offset": "Yes",
    "heating_setpoint_offset_magnitude": "3F",
    "cooling_setpoint_offset_magnitude": "2F",
    "cooling_setpoint_offset_period": "Day Setup and Night Setback",
    "heating_setpoint_offset_period": "Day and Night",
    "ceiling_fan": "National Average",
    "dehumidifier": "None",
    "refrigerator": "EF 10.2",
    "refrigeration_schedule": "National Average",
    "cooking_range": "Electric, 100% Usage",
    "cooking_range_schedule": "National Average",
    "dishwasher": "290 Rated kWh, 100% Usage",
    "clothes_washer_presence": "Yes",
    "clothes_washer": "EnergyStar, 100% Usage",
    "clothes_dryer": "Electric, 100% Usage",
    "lighting": "100% CFL",
    "lighting_interior_use": "100% Usage",
    "lighting_other_use": "100% Usage",
    "holiday_lighting": "No Exterior Use",
    "plug_loads": "100%",
    "plug_loads_schedule": "National Average",
    "electric_vehicle": "None",
    "misc_extra_refrigerator": "None",
    "misc_freezer": "None",
    "misc_gas_fireplace": "None",
    "misc_gas_grill": "None",
    "misc_gas_lighting": "None",
    "misc_hot_tub_spa": "None",
    "misc_pool": "None",
    "misc_pool_heater": "None",
    "misc_pool_pump": "None",
    "misc_pool_schedule": "National Average",
    "misc_well_pump": "None",
    "ducts": "30% Leakage, R-8",
    "infiltration": "8 ACH50",
    "natural_ventilation": "Year-Round, 3 days/wk",
    "mechanical_ventilation": "None",
    "bathroom_spot_vent_hour": "Hour4",
    "range_spot_vent_hour": "Hour11",
    "pv": "None",
    "days_shifted": "Day303",
    "location_city": "Phoenix Sky Harbor Intl Ap",
    "location_state": "AZ",
    "location_latitude": "33.45",
    "location_longitude": "-111.98",
    "climate_zone_ba": "Hot-Dry",
    "climate_zone_iecc": "2B",
    "units_represented": "1",
    "units_modeled": "1",
    "weight": "0.0",
    "applicable": true
  },
  "simulation_output_report": {
    "include_enduse_subcategories": false,
    "total_site_electricity_kwh": 12871.355558418629,
    "net_site_electricity_kwh": 12871.355558418629,
    "electricity_heating_kwh": 978.3825314075691,
    "electricity_central_system_heating_kwh": 0.0,
    "electricity_cooling_kwh": 5021.684014944596,
    "electricity_central_system_cooling_kwh": 0.0,
    "electricity_interior_lighting_kwh": 909.0164336126875,
    "electricity_exterior_lighting_kwh": 185.90604072470967,
    "electricity_exterior_holiday_lighting_kwh": 0.0,
    "electricity_garage_lighting_kwh": 49.43818572651217,
    "electricity_interior_equipment_kwh": 4286.477992846748,
    "electricity_fans_heating_kwh": 0.0,
    "electricity_fans_cooling_kwh": 1440.4503591558066,
    "electricity_pumps_heating_kwh": 0.0,
    "electricity_central_system_pumps_heating_kwh": 0.0,
    "electricity_pumps_cooling_kwh": 0.0,
    "electricity_central_system_pumps_cooling_kwh": 0.0,
    "electricity_water_systems_kwh": 0.0,
    "electricity_pv_kwh": 0.0,
    "total_site_natural_gas_therm": 120.6961599789333,
    "natural_gas_heating_therm": 0.0,
    "natural_gas_central_system_heating_therm": 0.0,
    "natural_gas_interior_equipment_therm": 0.0,
    "natural_gas_water_systems_therm": 120.6961599789333,
    "total_site_fuel_oil_mbtu": 0.0,
    "fuel_oil_heating_mbtu": 0.0,
    "fuel_oil_central_system_heating_mbtu": 0.0,
    "fuel_oil_water_systems_mbtu": 0.0,
    "total_site_propane_mbtu": 0.0,
    "propane_heating_mbtu": 0.0,
    "propane_central_system_heating_mbtu": 0.0,
    "propane_interior_equipment_mbtu": 0.0,
    "propane_water_systems_mbtu": 0.0,
    "total_site_wood_mbtu": 0.0,
    "wood_heating_mbtu": 0.0,
    "total_site_energy_mbtu": 55.98559334499739,
    "net_site_energy_mbtu": 55.98559334499739,
    "hours_heating_setpoint_not_met": 18.17,
    "hours_cooling_setpoint_not_met": 0.0,
    "hvac_cooling_capacity_w": 18429.9157730913,
    "hvac_heating_capacity_w": 4425.81682771882,
    "hvac_heating_supp_capacity_w": 0.0,
    "weight": 0.0,
    "wall_area_above_grade_conditioned_ft_2": 2303.89,
    "wall_area_above_grade_exterior_ft_2": 2740.26,
    "wall_area_below_grade_ft_2": 0.0,
    "floor_area_conditioned_ft_2": 2000.0,
    "floor_area_attic_ft_2": 1432.0,
    "floor_area_lighting_ft_2": 2864.0,
    "roof_area_ft_2": 1558.35,
    "window_area_ft_2": 287.98,
    "door_area_ft_2": 20.0,
    "duct_surface_area_ft_2": 640.0,
    "size_heating_system_kbtu_h": 15.1,
    "size_cooling_system_kbtu_h": 62.89,
    "size_water_heater_gal": 30.0,
    "upgrade_name": "",
    "upgrade_cost_usd": "",
    "applicable": true
  },
  "timeseries_csv_export": {
    "reporting_frequency": "Hourly",
    "include_enduse_subcategories": false,
    "applicable": true
  },
  "server_directory_cleanup": {
    "applicable": true
  }
}