{
  "residential_simulation_controls": {
    "timesteps_per_hr": 6,
    "begin_month": 1,
    "begin_day_of_month": 1,
    "end_month": 12,
    "end_day_of_month": 31,
    "calendar_year": 2018,
    "applicable": true
  },
  "build_existing_model": {
    "building_id": 725,
    "workflow_json": "measure-info.json",
    "number_of_buildings_represented": 2800,
    "sample_weight": 0.0,
    "location_region": "CR09",
    "location": "GA_Atlanta-Hartsfield-Jackson.Intl.AP.722190",
    "location_weather_filename": "USA_GA_Atlanta-Hartsfield-Jackson.Intl.AP.722190_TMY3.epw",
    "location_weather_year": "TMY3",
    "vintage": "1980s",
    "heating_fuel": "Electricity",
    "usage_level": "Medium",
    "geometry_attic_type": "Unfinished Attic",
    "geometry_building_type_recs": "Single-Family Detached",
    "geometry_number_units": "1",
    "geometry_foundation_type": "Crawl",
    "geometry_wall_type": "Masonry",
    "geometry_stories": "1",
    "geometry_garage": "None",
    "geometry_house_size": "1500-2499",
    "bedrooms": "4",
    "corridor": "None",
    "occupants": "2",
    "orientation": "East",
    "eaves": "2 ft",
    "door_area": "20 ft^2",
    "window_areas": "F15 B15 L15 R15",
    "overhangs": "None",
    "neighbors": "Left/Right at 15ft",
    "insulation_unfinished_attic": "Ceiling R-13, Vented",
    "insulation_finished_roof": "None",
    "radiant_barrier_unfinished_attic": "None",
    "roof_material": "Asphalt Shingles, Medium",
    "insulation_slab": "None",
    "insulation_crawlspace": "Ceiling R-19, Vented",
    "insulation_unfinished_basement": "None",
    "insulation_finished_basement": "None",
    "insulation_pier_beam": "None",
    "insulation_interzonal_floor": "Uninsulated",
    "insulation_wall": "CMU, 6-in Hollow, R-11",
    "interior_shading": "Summer = 0.7, Winter = 0.7",
    "windows": "Clear, Single, Metal",
    "doors": "Fiberglass",
    "water_heater": "Electric Standard",
    "hot_water_fixtures": "100% Usage",
    "hot_water_distribution": "Uninsulated, TrunkBranch, Copper",
    "solar_hot_water": "None",
    "hvac_system_is_heat_pump": "No",
    "hvac_system_heat_pump": "None",
    "hvac_system_heating_electricity": "Electric Baseboard",
    "hvac_system_heating_natural_gas": "None",
    "hvac_system_heating_propane": "None",
    "hvac_system_heating_fuel_oil": "None",
    "hvac_system_heating_other_fuel": "None",
    "hvac_system_heating_none": "None",
    "hvac_system_cooling": "FIXME Room AC, EER 10.7, 20% Conditioned",
    "hvac_system_cooling_type": "Room",
    "heating_setpoint": "69F",
    "cooling_setpoint": "74F",
    "heating_setpoint_has_offset": "No",
    "cooling_setpoint_has_offset": "Yes",
    "heating_setpoint_offset_magnitude": "0F",
    "cooling_setpoint_offset_magnitude": "9F",
    "cooling_setpoint_offset_period": "Day Setup",
    "heating_setpoint_offset_period": "None",
    "ceiling_fan": "National Average",
    "dehumidifier": "None",
    "refrigerator": "EF 15.9",
    "refrigeration_schedule": "National Average",
    "cooking_range": "Electric, 100% Usage",
    "cooking_range_schedule": "National Average",
    "dishwasher": "290 Rated kWh, 100% Usage",
    "clothes_washer_presence": "Yes",
    "clothes_washer": "EnergyStar, 100% Usage",
    "clothes_dryer": "Electric, 100% Usage",
    "lighting": "100% CFL",
    "lighting_interior_use": "100% Usage",
    "lighting_other_use": "100% Usage",
    "holiday_lighting": "No Exterior Use",
    "plug_loads": "100%",
    "plug_loads_schedule": "National Average",
    "electric_vehicle": "None",
    "misc_extra_refrigerator": "None",
    "misc_freezer": "None",
    "misc_gas_fireplace": "None",
    "misc_gas_grill": "None",
    "misc_gas_lighting": "None",
    "misc_hot_tub_spa": "None",
    "misc_pool": "None",
    "misc_pool_heater": "None",
    "misc_pool_pump": "None",
    "misc_pool_schedule": "National Average",
    "misc_well_pump": "Typical Efficiency",
    "ducts": "20% Leakage, Uninsulated",
    "infiltration": "15 ACH50",
    "natural_ventilation": "Year-Round, 3 days/wk",
    "mechanical_ventilation": "None",
    "bathroom_spot_vent_hour": "Hour22",
    "range_spot_vent_hour": "Hour11",
    "pv": "None",
    "days_shifted": "Day237",
    "location_city": "Atlanta Hartsfield Intl Ap",
    "location_state": "GA",
    "location_latitude": "33.63",
    "location_longitude": "-84.43",
    "climate_zone_ba": "Mixed-Humid",
    "climate_zone_iecc": "3A",
    "units_represented": "1",
    "units_modeled": "1",
    "weight": "0.0",
    "applicable": true
  },
  "building_characteristics_report": {
    "workflow_json": "measure-info.json",
    "location_region": "CR09",
    "location": "GA_Atlanta-Hartsfield-Jackson.Intl.AP.722190",
    "location_weather_filename": "USA_GA_Atlanta-Hartsfield-Jackson.Intl.AP.722190_TMY3.epw",
    "location_weather_year": "TMY3",
    "vintage": "1980s",
    "heating_fuel": "Electricity",
    "usage_level": "Medium",
    "geometry_attic_type": "Unfinished Attic",
    "geometry_building_type_recs": "Single-Family Detached",
    "geometry_number_units": "1",
    "geometry_foundation_type": "Crawl",
    "geometry_wall_type": "Masonry",
    "geometry_stories": "1",
    "geometry_garage": "None",
    "geometry_house_size": "1500-2499",
    "bedrooms": "4",
    "corridor": "None",
    "occupants": "2",
    "orientation": "East",
    "eaves": "2 ft",
    "door_area": "20 ft^2",
    "window_areas": "F15 B15 L15 R15",
    "overhangs": "None",
    "neighbors": "Left/Right at 15ft",
    "insulation_unfinished_attic": "Ceiling R-13, Vented",
    "insulation_finished_roof": "None",
    "radiant_barrier_unfinished_attic": "None",
    "roof_material": "Asphalt Shingles, Medium",
    "insulation_slab": "None",
    "insulation_crawlspace": "Ceiling R-19, Vented",
    "insulation_unfinished_basement": "None",
    "insulation_finished_basement": "None",
    "insulation_pier_beam": "None",
    "insulation_interzonal_floor": "Uninsulated",
    "insulation_wall": "CMU, 6-in Hollow, R-11",
    "interior_shading": "Summer = 0.7, Winter = 0.7",
    "windows": "Clear, Single, Metal",
    "doors": "Fiberglass",
    "water_heater": "Electric Standard",
    "hot_water_fixtures": "100% Usage",
    "hot_water_distribution": "Uninsulated, TrunkBranch, Copper",
    "solar_hot_water": "None",
    "hvac_system_is_heat_pump": "No",
    "hvac_system_heat_pump": "None",
    "hvac_system_heating_electricity": "Electric Baseboard",
    "hvac_system_heating_natural_gas": "None",
    "hvac_system_heating_propane": "None",
    "hvac_system_heating_fuel_oil": "None",
    "hvac_system_heating_other_fuel": "None",
    "hvac_system_heating_none": "None",
    "hvac_system_cooling": "FIXME Room AC, EER 10.7, 20% Conditioned",
    "hvac_system_cooling_type": "Room",
    "heating_setpoint": "69F",
    "cooling_setpoint": "74F",
    "heating_setpoint_has_offset": "No",
    "cooling_setpoint_has_offset": "Yes",
    "heating_setpoint_offset_magnitude": "0F",
    "cooling_setpoint_offset_magnitude": "9F",
    "cooling_setpoint_offset_period": "Day Setup",
    "heating_setpoint_offset_period": "None",
    "ceiling_fan": "National Average",
    "dehumidifier": "None",
    "refrigerator": "EF 15.9",
    "refrigeration_schedule": "National Average",
    "cooking_range": "Electric, 100% Usage",
    "cooking_range_schedule": "National Average",
    "dishwasher": "290 Rated kWh, 100% Usage",
    "clothes_washer_presence": "Yes",
    "clothes_washer": "EnergyStar, 100% Usage",
    "clothes_dryer": "Electric, 100% Usage",
    "lighting": "100% CFL",
    "lighting_interior_use": "100% Usage",
    "lighting_other_use": "100% Usage",
    "holiday_lighting": "No Exterior Use",
    "plug_loads": "100%",
    "plug_loads_schedule": "National Average",
    "electric_vehicle": "None",
    "misc_extra_refrigerator": "None",
    "misc_freezer": "None",
    "misc_gas_fireplace": "None",
    "misc_gas_grill": "None",
    "misc_gas_lighting": "None",
    "misc_hot_tub_spa": "None",
    "misc_pool": "None",
    "misc_pool_heater": "None",
    "misc_pool_pump": "None",
    "misc_pool_schedule": "National Average",
    "misc_well_pump": "Typical Efficiency",
    "ducts": "20% Leakage, Uninsulated",
    "infiltration": "15 ACH50",
    "natural_ventilation": "Year-Round, 3 days/wk",
    "mechanical_ventilation": "None",
    "bathroom_spot_vent_hour": "Hour22",
    "range_spot_vent_hour": "Hour11",
    "pv": "None",
    "days_shifted": "Day237",
    "location_city": "Atlanta Hartsfield Intl Ap",
    "location_state": "GA",
    "location_latitude": "33.63",
    "location_longitude": "-84.43",
    "climate_zone_ba": "Mixed-Humid",
    "climate_zone_iecc": "3A",
    "units_represented": "1",
    "units_modeled": "1",
    "weight": "0.0",
    "applicable": true
  },
  "simulation_output_report": {
    "include_enduse_subcategories": false,
    "total_site_electricity_kwh": 24211.573858047308,
    "net_site_electricity_kwh": 24211.573858047308,
    "electricity_heating_kwh": 9599.276842364481,
    "electricity_central_system_heating_kwh": 0.0,
    "electricity_cooling_kwh": 3529.161482185812,
    "electricity_central_system_cooling_kwh": 0.0,
    "electricity_interior_lighting_kwh": 909.0164336124813,
    "electricity_exterior_lighting_kwh": 185.90604072473295,
    "electricity_exterior_holiday_lighting_kwh": 0.0,
    "electricity_garage_lighting_kwh": 0.0,
    "electricity_interior_equipment_kwh": 5211.505689597224,
    "electricity_fans_heating_kwh": 0.0,
    "electricity_fans_cooling_kwh": 0.0,
    "electricity_pumps_heating_kwh": 0.0,
    "electricity_central_system_pumps_heating_kwh": 0.0,
    "electricity_pumps_cooling_kwh": 0.0,
    "electricity_central_system_pumps_cooling_kwh": 0.0,
    "electricity_water_systems_kwh": 4776.707369562574,
    "electricity_pv_kwh": 0.0,
    "total_site_natural_gas_therm": 0.0,
    "natural_gas_heating_therm": 0.0,
    "natural_gas_central_system_heating_therm": 0.0,
    "natural_gas_interior_equipment_therm": 0.0,
    "natural_gas_water_systems_therm": 0.0,
    "total_site_fuel_oil_mbtu": 0.0,
    "fuel_oil_heating_mbtu": 0.0,
    "fuel_oil_central_system_heating_mbtu": 0.0,
    "fuel_oil_water_systems_mbtu": 0.0,
    "total_site_propane_mbtu": 0.0,
    "propane_heating_mbtu": 0.0,
    "propane_central_system_heating_mbtu": 0.0,
    "propane_interior_equipment_mbtu": 0.0,
    "propane_water_systems_mbtu": 0.0,
    "total_site_wood_mbtu": 0.0,
    "wood_heating_mbtu": 0.0,
    "total_site_energy_mbtu": 82.61325307399287,
    "net_site_energy_mbtu": 82.61325307399287,
    "hours_heating_setpoint_not_met": 0.0,
    "hours_cooling_setpoint_not_met": 274.0,
    "hvac_cooling_capacity_w": 9539.90631018838,
    "hvac_heating_capacity_w": 13280.8036988475,
    "hvac_heating_supp_capacity_w": 0.0,
    "weight": 0.0,
    "wall_area_above_grade_conditioned_ft_2": 1493.33,
    "wall_area_above_grade_exterior_ft_2": 1771.11,
    "wall_area_below_grade_ft_2": 746.67,
    "floor_area_conditioned_ft_2": 2000.0,
    "floor_area_attic_ft_2": 2000.0,
    "floor_area_lighting_ft_2": 2000.0,
    "roof_area_ft_2": 2236.07,
    "window_area_ft_2": 220.37,
    "door_area_ft_2": 20.0,
    "duct_surface_area_ft_2": 740.0,
    "size_heating_system_kbtu_h": 45.32,
    "size_cooling_system_kbtu_h": 32.55,
    "size_water_heater_gal": 50.0,
    "upgrade_name": "",
    "upgrade_cost_usd": "",
    "applicable": true
  },
  "timeseries_csv_export": {
    "reporting_frequency": "Hourly",
    "include_enduse_subcategories": false,
    "applicable": true
  },
  "server_directory_cleanup": {
    "applicable": true
  }
}