heatingload,fanratio
7.9471068,0.037577007
7.0290208,0.042339813
7.3269925,0.040723782
7.2064672,0.041336652
7.1054935,0.041909631
7.1839275,0.04145157
6.9707103,0.042718161
7.1514096,0.041665878
7.3100495,0.040786751
7.0200944,0.042439353
7.1683245,0.041548029
7.1902847,0.041454375
7.1898909,0.041458081
6.9067101,0.043132342
7.087091,0.042040948
7.3764648,0.040435534
7.3025446,0.040833712
7.6743107,0.038952403
7.8328948,0.038130812
8.1001377,0.036887471
8.0779123,0.03699543
8.0738497,0.037022457
8.2030354,0.03644212
8.6309624,0.034677163
9.1724844,0.032666046
9.5196772,0.031476196
9.6785345,0.030959565
9.8239851,0.030501189
9.9194975,0.0302075
9.9832516,0.030014591
9.8816223,0.030323282
9.8054733,0.030541055
9.5398712,0.031406749
8.68859,0.034465242
7.7187719,0.038742114
6.9760671,0.04279891
6.2108989,0.04788623
5.655232,0.052396677
5.1768184,0.057030164
5.0796981,0.058113493
5.2000337,0.056802515
5.4343796,0.054646563
5.6332822,0.052676566
6.0254493,0.049340241
6.3354883,0.046985295
6.3750858,0.0467005
6.3553634,0.04681287
6.7177153,0.044368435
7.1277227,0.041875448
7.4098258,0.040308066
7.7960076,0.03843059
7.8874087,0.03791507
7.5988507,0.039318517
7.8493872,0.038080398
8.1466255,0.036719009
8.1726341,0.036612824
7.8152924,0.038265236
6.9305916,0.043041281
5.8253932,0.050990745
4.8547769,0.060853321
3.9217582,0.07398615
3.2763948,0.087047659
2.8810244,0.098198041
2.7618446,0.10234393
3.0597243,0.093596131
3.1721697,0.091006786
3.1696465,0.090861805
3.1794403,0.090621985
3.2989407,0.087517492
3.3952045,0.08536651
3.6197135,0.080542162
3.9723949,0.073765181
4.1581888,0.070696659
4.2758727,0.068823211
4.3027716,0.068538241
4.2989607,0.068445504
4.4182553,0.066637084
4.5777535,0.064364009
4.6681671,0.063146941
5.0602121,0.058254465
5.9019866,0.050315604
6.3071556,0.047141779
6.8304033,0.043587424
7.0496769,0.042265624
6.727438,0.044292491
6.8794718,0.043323152
6.9002657,0.043207157
7.718719,0.038690664
8.5274506,0.035076603
8.7957287,0.034066901
9.1701031,0.03267039
9.2825813,0.032273892
9.7888069,0.030605409
10.419734,0.028754286
10.974893,0.027295195
11.475251,0.026111873
11.795057,0.025404135
11.981705,0.025008395
12.423459,0.024119146
13.48175,0.02222584
13.437723,0.02229866
13.238629,0.022634007
13.095554,0.022881294
13.113792,0.022842577
12.878359,0.023267189
12.236076,0.024488505
10.718269,0.027956307
10.815965,0.02770379
10.804232,0.027732557
10.450276,0.028672943
9.4226904,0.031800177
9.2764988,0.032301325
9.4811192,0.031604204
9.7765217,0.030648254
10.094397,0.029671654
10.477385,0.028596641
10.722629,0.027944941
11.091505,0.027015068
11.635247,0.02575306
12.947615,0.023142735
13.029496,0.022997299
12.944057,0.023149097
12.922209,0.023188235
12.934951,0.023165394
13.043503,0.022972604
13.050721,0.022959897
12.971444,0.02310022
12.970672,0.023101596
12.775614,0.02345431
10.790696,0.027764298
9.8056335,0.030554343
8.9774151,0.033373874
8.3982601,0.035668418
7.7799015,0.038495939
7.2337666,0.041342977
7.2836208,0.041046228
7.7615399,0.038538519
8.1326113,0.036838919
8.2586746,0.036281399
8.4353914,0.035506856
8.6671352,0.034548908
9.2407713,0.032425776
9.6738043,0.030969718
10.001572,0.029954502
11.582339,0.025870699
12.467423,0.024034094
12.658916,0.023670526
12.540168,0.023894673
12.457932,0.024052406
12.369394,0.024224566
12.165327,0.024630921
10.750767,0.027868254
10.317433,0.029040674
9.5152273,0.031485025
7.8148651,0.038327049
6.6882381,0.044703141
6.2547731,0.047682244
6.0127702,0.049484324
5.8635702,0.050713446
6.0202236,0.049426686
6.2753096,0.04743458
6.2899542,0.047450237
6.0648303,0.049112286
5.992939,0.049710173
6.025228,0.049445011
6.1358747,0.048590738
6.4630356,0.046179663
6.9534168,0.042989638
7.3852606,0.040479496
7.6054783,0.039324462
7.9449902,0.037713133
8.3158159,0.036032617
8.5187063,0.035174731
8.6354427,0.034698542
8.9238806,0.033570603
9.2075243,0.032538563
8.9319515,0.0335458
7.8867683,0.037977427
6.7995243,0.043941669
5.8864894,0.050609123
5.0353703,0.058692489
4.3798633,0.066714451
3.9646399,0.073253356
4.0144467,0.072702818
4.4631329,0.065833226
5.1026764,0.058129907
5.3901758,0.055125974
5.7114253,0.05205708
6.027534,0.049392868
6.3018212,0.047278695
6.6669474,0.044738699
6.9254551,0.043098532
7.0362301,0.042431682
7.1216216,0.041927032
7.0375996,0.042525422
6.9293327,0.043083228
6.9903908,0.042700063
7.3172116,0.040825199
7.5302038,0.039705116
7.557704,0.039527651
7.3551855,0.040624522
7.2887526,0.040971402
6.8353477,0.04366016
6.1238942,0.048673127
5.6528459,0.05256214
5.7662921,0.051520795
5.5717049,0.053293046
5.5164118,0.053781591
5.8610454,0.050670583
5.8546491,0.050879713
5.8249154,0.05101455
5.9129109,0.050294608
6.1238294,0.048598215
6.6191311,0.045046035
7.0351801,0.042422369
7.3985548,0.04038262
7.9283252,0.037736628
8.4873323,0.035298292
8.9968748,0.033305258
9.4015675,0.031871624
9.8353386,0.030465979
10.106444,0.029648729
10.058403,0.029788267
10.211968,0.029336581
10.029091,0.029877406
8.8178091,0.033973511
7.4164095,0.040352948
6.5503621,0.045615647
6.1142974,0.04872337
5.8123465,0.051133379
5.5179195,0.053776871
5.320085,0.055768523
5.6486368,0.05259173
6.3894548,0.046756983
6.9263268,0.043121625
7.3291206,0.040794294
7.6504278,0.039101522
8.0847569,0.037046507
8.474247,0.035348184
8.8418856,0.033889063
8.9244289,0.033575617
8.8293018,0.033937361
9.1508703,0.032744776
9.2516098,0.032388225
9.003335,0.03328136
8.5115509,0.035170507
7.9916563,0.037422702
7.6949625,0.038784441
7.650631,0.039050095
7.3905315,0.040394478
6.5706563,0.045346636
5.5952654,0.053054933
4.4969249,0.065393366
3.8233299,0.075953126
3.1757469,0.090164989
2.5359759,0.11066481
2.438462,0.11488868
2.8496172,0.10067102
3.0017953,0.096092053
2.9382792,0.09795098
3.1605279,0.091453813
3.4192836,0.085301347
3.5986578,0.081201479
3.7011611,0.07899908
3.7390652,0.078332722
3.7479048,0.078037605
3.8213873,0.076718137
3.7223914,0.078527115
3.5319061,0.082540244
3.5176105,0.08275006
3.4102774,0.085016221
3.2974064,0.087654367
3.2104206,0.089926258
2.7453523,0.10382897
2.3568554,0.11874351
2.0550478,0.13262212
1.4401608,0.1690353
1.37044,0.16787985
1.6278075,0.1567571
1.974524,0.1383715
2.0875144,0.13238253
2.0984111,0.13200703
1.9420769,0.14074765
2.0313709,0.13582422
2.0827527,0.1328491
1.9982983,0.13827927
2.1807775,0.12862657
2.5119708,0.11328843
2.6680973,0.10745358
3.7133884,0.078528747
4.7280951,0.062498268
5.0254631,0.058895148
5.3394446,0.055527844
5.1595535,0.057434928
5.4651022,0.054240182
6.2621503,0.04747979
5.9733949,0.049760602
5.2403398,0.056539297
5.3744173,0.055216089
5.585814,0.053181332
5.491991,0.054022491
5.4766107,0.054183893
5.3170238,0.055796884
5.3395014,0.055530187
5.6190801,0.052823242
5.950767,0.050030887
6.0216036,0.049407657
6.1082749,0.048702549
6.4015169,0.046534114
6.7299504,0.044369347
7.3762827,0.040484559
7.8408384,0.038114667
8.1082821,0.03690109
8.5126572,0.035183199
8.7955294,0.034067672
8.9985237,0.033299152
9.2788029,0.032290597
9.42768,0.031783346
9.32269,0.03214078
9.3864193,0.031914696
9.1958599,0.032578848
8.0225668,0.037322361
6.7932563,0.043996267
6.0304885,0.049464166
5.5503311,0.053515468
5.4920607,0.053990837
5.5078101,0.053872272
6.0337729,0.049307935
6.4705381,0.046032347
6.7295275,0.044421405
6.6535931,0.044859946
6.6404939,0.044961438
6.7394042,0.044295821
6.8788538,0.043414719
7.1446891,0.041811686
7.4817281,0.039963432
7.5817447,0.039405748
7.510818,0.039766673
7.29776,0.041020062
7.4253607,0.040232163
7.3117743,0.040838145
7.0681243,0.042219937
6.856142,0.043493282
6.7110987,0.044429466
6.6153073,0.045074906
6.1952639,0.04803209
5.6109428,0.052857652
4.9447966,0.059820611
4.1617484,0.070301794
3.4229717,0.083909839
2.6843898,0.10430759
2.3039865,0.11967509
2.263813,0.12229382
2.5640869,0.11064622
2.9109521,0.098665543
3.0316494,0.095046088
3.12325,0.092377782
3.3870945,0.085812934
3.52125,0.082855009
3.7267227,0.078541689
3.7801995,0.077545427
3.9146578,0.074980997
4.0334916,0.072992131
4.0430236,0.07270056
4.2092066,0.069901131
4.2986913,0.06852366
3.9884744,0.073497951
3.7262614,0.078210413
3.4252675,0.084742375
2.9482372,0.097135663
2.2423937,0.12209295
1.5442516,0.15714064
1.220944,0.16662446
1.0938226,0.1640164
0.92825192,0.16158111
0.80300826,0.16028386
0.81136066,0.16165434
0.92119056,0.16417328
0.99196041,0.16623273
1.0956182,0.17216584
1.1263645,0.16962409
1.142158,0.16591783
1.1694822,0.16551726
1.2054019,0.16559505
1.2603999,0.16632307
1.274727,0.16673557
1.2390548,0.16665849
1.3118948,0.16797118
1.7352175,0.14952293
1.9825124,0.1404053
1.8216929,0.14924791
1.7747056,0.15140928
1.8511829,0.14725286
1.8500686,0.14731303
1.8791345,0.14606301
1.9032398,0.14453028
1.8128309,0.15007038
1.7181685,0.15610303
1.6886271,0.15820384
1.7752149,0.15238346
1.8352549,0.14819674
1.7037189,0.15611739
1.5685146,0.16451377
1.5914931,0.16371241
1.6139599,0.16224936
1.65438,0.16030708
1.7645329,0.1538225
1.8620583,0.14773628
1.936062,0.14331163
1.9954654,0.14006098
1.99102,0.14046369
1.9538616,0.14224845
1.9897033,0.14002281
1.9796548,0.14040738
2.1566739,0.12942331
2.4663889,0.11455986
2.5272534,0.11247861
2.4122858,0.11697327
2.1449571,0.12877356
1.9442381,0.14006755
1.5473878,0.16278063
1.0601182,0.16690363
0.86282009,0.16452824
0.72203243,0.16387999
0.70543325,0.16458438
0.85548937,0.16997653
1.0676733,0.18202218
1.2784193,0.17920522
1.5777277,0.16271962
1.9232653,0.14191653
2.3473246,0.12034998
2.9275136,0.098689586
3.3139138,0.088143326
3.5699394,0.082044043
3.7493906,0.078506529
3.9708202,0.074129015
4.0496597,0.072690271
3.8143644,0.07695125
3.5826261,0.081540294
3.4593112,0.084137216
3.408673,0.085377604
3.2646885,0.088952564
3.0592422,0.094327793
2.832129,0.10129581
2.664896,0.10732456
2.5936737,0.10971017
2.6519322,0.10759097
2.8299773,0.10155841
2.9427409,0.097694606
2.90115,0.099264093
2.6683128,0.10706978
2.5264854,0.11264744
2.6448488,0.10797019
2.7190461,0.1054319
2.8121381,0.10237946
2.884367,0.099986911
2.560869,0.1118626
1.7175506,0.14944887
1.3901902,0.16710356
1.3468785,0.16583844
1.2819707,0.16351621
1.2186073,0.16120206
1.1638061,0.16184157
1.157261,0.16321829
1.1977799,0.16485278
1.2315712,0.16573584
1.2030461,0.16563623
1.141384,0.16500546
1.0912511,0.16503488
1.1232229,0.16615294
1.1382122,0.16660468
1.190061,0.16723844
1.1975979,0.16754763
1.1705528,0.16804454
1.4275464,0.17007957
1.627247,0.16117159
1.707711,0.15539904
1.8951355,0.14400892
2.1317201,0.13088688
2.375983,0.11906327
2.7105584,0.10596462
3.2173502,0.090155691
3.4629827,0.084181234
3.3894544,0.085801147
3.6451256,0.080037929
3.8765759,0.075465314
3.7299881,0.078203917
3.817266,0.076449141
4.2351894,0.069304727
4.1935978,0.069930613
4.0348096,0.072657444
3.9843011,0.07358411
4.0403895,0.072524346
4.010839,0.073016398
3.9085622,0.074818932
4.2180948,0.069595434
4.4960804,0.065383554
4.523869,0.065202594
4.3416023,0.067788742
4.2647581,0.068966269
4.4197636,0.066666506
4.5278454,0.06520652
4.5910516,0.064318158
4.7815104,0.061875682
5.0368919,0.058883607
5.1717939,0.057336405
5.1906562,0.057228278
5.2000871,0.057046868
5.3570571,0.055371203
5.5994844,0.053034656
5.7026062,0.052085072
5.7277608,0.051916607
5.3063822,0.05593228
4.9945736,0.059257146
4.7432523,0.06214511
4.4894128,0.065637194
4.2351146,0.069340236
4.1252575,0.071071886
3.8493161,0.07592155
3.849354,0.075877689
3.92576,0.074404821
3.6911664,0.079235703
3.5426662,0.082293287
3.5053935,0.083075643
3.4304206,0.084708795
3.5006034,0.083172254
3.7035666,0.078851312
3.8227727,0.076522015
3.9280818,0.074666329
4.071466,0.072126769
4.02389,0.073107325
4.0756006,0.072111197
4.2938576,0.068538882
4.2934532,0.068576053
4.1961145,0.070061915
4.1268554,0.071014397
4.173233,0.070309408
4.0276084,0.07277891
3.6039774,0.080862649
3.5214798,0.082663983
3.3505702,0.086353488
2.9050133,0.098292388
3.1612887,0.091052555
3.410866,0.084952712
3.4821525,0.083250538
3.6511672,0.079954855
3.3607113,0.086216539
3.2151973,0.090085961
3.3416543,0.086781524
3.4981136,0.083372481
3.8010981,0.077023081
4.0651112,0.07230597
3.9675026,0.074104868
3.9021091,0.075263254
3.9494746,0.074481212
3.871181,0.075775906
3.6872799,0.079325035
3.3754082,0.086303562
2.931776,0.098246887
2.6932921,0.10576148
2.5979779,0.10943782
2.5445848,0.11137439
2.6029572,0.10851506
2.9330363,0.097162113
3.5290604,0.082221918
3.6233239,0.080197178
3.4159248,0.084830604
3.1342897,0.092117935
3.0774987,0.093579225
3.4628346,0.084073968
3.8464766,0.075976945
3.9270344,0.074518017
3.9620948,0.073856346
3.9723523,0.07381016
4.1828918,0.070295922
4.7514448,0.062224414
5.3116632,0.055931132
5.6024656,0.05303172
5.573338,0.053421319
5.4014139,0.054970074
5.3852282,0.055131324
5.2526245,0.056476153
4.9615755,0.059667382
4.7090201,0.062569179
4.7070746,0.06278342
4.4410539,0.066343665
3.9620974,0.073908493
3.8977842,0.075055845
3.4856305,0.083470017
3.053314,0.094419219
2.9488373,0.097493991
2.9656594,0.09702003
2.9892106,0.096090622
3.0664179,0.094227262
3.084089,0.09372285
3.1284378,0.092478432
3.3499851,0.086609028
4.1155605,0.071402021
5.0615931,0.058504235
5.6961465,0.052174509
6.430645,0.046355031
7.1711411,0.041611198
7.8109055,0.038352728
8.5994797,0.034821041
9.1671791,0.03268633
9.3623114,0.032004256
9.2597942,0.032357417
9.1498775,0.032719765
9.1924562,0.032596298
8.8307619,0.033925369
7.7929659,0.038381722
6.3414392,0.047004525
5.4447122,0.054539569
4.7482224,0.062144171
4.694211,0.062813669
5.0098944,0.059061501
5.1975341,0.056956615
5.2951903,0.056035735
5.3228421,0.055740494
5.4813762,0.054198336
6.0918922,0.048870984
6.6899066,0.044592738
7.2779484,0.041061286
7.8233008,0.038242739
8.3546124,0.035853211
8.8486547,0.033859607
8.7821064,0.034119744
8.6424227,0.034671206
8.8095598,0.034013417
8.7393551,0.034283806
8.3616791,0.035828017
8.6199589,0.034759525
8.552166,0.035026915
7.4781585,0.039982148
6.4315586,0.046413668
5.6418109,0.052739836
5.3281412,0.05560213
5.1176805,0.057818845
5.1709023,0.05728152
5.6109133,0.052908763
6.1763382,0.048174791
6.7035151,0.044552263
7.0082979,0.042599164
7.3356667,0.040702414
7.6095791,0.039261062
8.0074854,0.03739547
8.396101,0.035663016
8.6467514,0.034637623
8.6444778,0.034650683
8.3310728,0.035928674
8.0871553,0.037051745
7.9038134,0.037836872
7.6608,0.038994636
7.4422717,0.04014108
7.1527586,0.041746419
6.814784,0.043770578
6.5837455,0.045290422
5.9848285,0.049693186
4.9652777,0.05966071
4.3817859,0.067074522
3.8808446,0.074692987
3.517662,0.081517376
3.0153837,0.093473591
2.6512649,0.10489082
2.8572202,0.099151999
3.5402825,0.082106769
4.2117195,0.069797821
4.5627365,0.064714581
4.7454929,0.062335152
4.8408661,0.061241593
4.991014,0.059418559
5.0823989,0.05841244
5.1412582,0.057810739
5.1165071,0.057998497
5.0929399,0.058349498
5.1046839,0.058125798
5.1458049,0.057621241
5.0721545,0.058422722
4.7723308,0.061926618
4.6124434,0.064005978
4.5911975,0.064277105
4.2615004,0.068951324
3.8221161,0.076342478
3.4192107,0.084967218
2.7041705,0.10514286
1.8849525,0.1402006
1.4314073,0.16377394
1.1134669,0.16836642
1.0955954,0.16881311
1.3789661,0.16851743
1.4194747,0.16998541
1.4004908,0.17300077
1.1818818,0.16810009
1.1812334,0.16676058
1.2040628,0.16753531
1.2750454,0.16849007
1.3271426,0.16800767
1.3586949,0.16762181
1.3914081,0.16824988
1.4015628,0.16868976
1.3880258,0.16809608
1.3634454,0.16761981
1.2921773,0.16696666
1.25898,0.16706316
1.2715819,0.16642839
1.2234983,0.16394423
1.1706967,0.16263792
1.1266642,0.16140446
1.0460777,0.16033798
0.98037642,0.15954317
0.91753286,0.15890172
0.89361179,0.15952344
0.87174898,0.15929833
0.81367183,0.15792902
0.76183456,0.15721372
0.73191589,0.15653549
0.72181696,0.15667689
0.74756461,0.15790842
0.77761865,0.15855634
0.82149577,0.15879223
0.90444243,0.1579334
0.92462021,0.15705173
0.89375478,0.15744871
0.93524802,0.15935913
0.96824509,0.16035914
0.94379431,0.16077617
0.89565742,0.16044375
0.86400455,0.15932068
0.87539732,0.15895982
0.81148171,0.15747701
0.74499494,0.15628971
0.75136387,0.15697591
0.77556491,0.15752767
0.78854966,0.15701872
0.76760632,0.15647526
0.76775348,0.15704618
0.76959997,0.15689872
0.71826434,0.1561712
0.65179843,0.15626338
0.6199156,0.15646785
0.61078054,0.15645976
0.63226277,0.15710966
0.68532765,0.15827602
0.76112783,0.15948871
0.83416259,0.16054644
0.89263415,0.16145977
0.93845546,0.16228759
0.98136103,0.16310236
1.0474153,0.16530688
1.106653,0.16770589
1.0623292,0.16612579
0.9749527,0.16314103
0.97308457,0.16353205
0.94812155,0.16316694
0.95001489,0.1646367
1.0403858,0.16760838
1.145329,0.17091669
1.4760885,0.1698997
1.9991919,0.13753463
2.6095135,0.10923917
3.0768011,0.093514182
3.2165785,0.09003146
3.2192836,0.08992146
3.5620518,0.081776232
4.1347871,0.070864797
4.5485301,0.064779885
4.8601174,0.0607513
5.0792279,0.058244027
5.0997539,0.058106691
5.1954718,0.057005536
5.338469,0.055645544
5.4625015,0.054343909
5.6388588,0.052649919
5.7283554,0.051846758
5.6756086,0.052296426
5.4472561,0.05438517
5.3220606,0.055702627
5.2666774,0.056285087
5.084425,0.05822758
5.0509648,0.05865664
4.8461833,0.061060373
4.6478643,0.063529447
4.4397669,0.066382892
4.4244909,0.066602923
4.5601115,0.064571269
4.4361691,0.066445805
4.2887907,0.068625323
4.2741265,0.068860084
4.2603402,0.069054827
4.3030787,0.06847062
4.4821553,0.065876789
4.7503662,0.062242828
5.0641699,0.058590226
5.2229948,0.056771599
5.1791987,0.057365671
5.2622504,0.056376677
5.4631834,0.054311451
5.5874286,0.053145457
5.5428185,0.053541914
5.6426215,0.052602276
5.6470156,0.052600626
5.3513556,0.055385709
4.9099393,0.06025295
4.2486382,0.068983093
3.6863184,0.078535236
3.4612327,0.083184168
3.0576677,0.092703238
2.8542511,0.098789752
3.090219,0.092250235
3.6925411,0.078910984
4.3154712,0.068147063
4.6629562,0.063262895
4.9051909,0.060300145
5.240108,0.056664005
5.6024013,0.053050958
5.8596559,0.050723724
6.0968342,0.04887446
6.2364426,0.047750484
6.4013267,0.046659753
6.445025,0.04624093
6.722312,0.044322766
6.8793836,0.043357037
6.7864289,0.043949846
6.8058729,0.04381251
6.9988589,0.04263084
6.9331446,0.043016825
6.6434021,0.044889171
6.5277462,0.045681842
6.3258657,0.047090627
6.0566282,0.049126919
5.8562121,0.050764602
5.9190044,0.050247524
6.1963363,0.048007768
6.3545918,0.046962447
6.3111987,0.0472176
6.3101473,0.0472451
6.4290128,0.046386201
6.5922346,0.045269646
6.8001571,0.043905534
7.0454669,0.042421177
7.2302961,0.041317951
7.3199415,0.040816564
7.2491632,0.041321781
7.183126,0.041589141
7.1982245,0.041488077
7.132997,0.041858763
6.9433742,0.042969543
6.8564873,0.043520965
6.8944302,0.043299925
6.5334802,0.045637924
5.7594104,0.051576275
5.1829538,0.057263095
4.8205872,0.061287686
4.4163637,0.06656342
4.2635069,0.068804823
4.5628853,0.064468361
4.9236045,0.059952982
5.0018988,0.059267819
4.9479852,0.059894681
5.1753411,0.057288945
5.3544388,0.055444192
5.4445648,0.054544102
5.5421071,0.053618591
5.6968784,0.052212521
5.8808122,0.050674066
5.7845449,0.051453546
5.8405476,0.051055349
6.96246,0.042829983
8.3343058,0.035862766
9.0916281,0.032943111
9.2993765,0.032221805
9.4049082,0.031843096
9.2778082,0.032292876
8.8528595,0.033821814
7.5709205,0.039480083
6.8998985,0.043255862
6.3942509,0.046587344
6.0914507,0.048852544
5.7673674,0.051523745
5.5752382,0.053235676
6.2680612,0.047443654
6.8775606,0.04343082
7.2011576,0.041418135
7.456028,0.040026687
7.5802913,0.039399557
7.4479213,0.040107593
7.6748891,0.038942698
8.0594978,0.037121195
8.2309475,0.036360599
8.4196491,0.035551734
8.5865021,0.034897007
8.828721,0.033937767
9.0974855,0.032936927
9.1371803,0.032793257
8.9910793,0.033318873
9.0749712,0.033008426
8.9743958,0.033388019
8.4165888,0.035592087
7.5188842,0.039760225
6.8935008,0.043337483
6.4799047,0.046022352
5.9386172,0.050085846
5.3172679,0.055739116
5.0613618,0.058478769
5.0092955,0.059007932
5.5213971,0.053854786
6.2615142,0.04757278
6.7384892,0.044260953
7.0854502,0.042121548
7.4596572,0.040060569
7.7930202,0.038360666
8.0950766,0.036960214
8.617981,0.034738723
8.9677362,0.033398546
8.9474173,0.033489354
8.8743095,0.03374628
8.7950592,0.034037445
8.7706022,0.034122106
8.6953335,0.034422677
8.6241035,0.034660451
7.9336052,0.037677094
6.7700086,0.044064466
6.2069974,0.047977917
6.2115808,0.047912668
6.601809,0.045105383
6.6605573,0.044704881
6.1104832,0.048670582
6.2043085,0.047968306
6.7183323,0.04436063
7.3106256,0.040902484
7.7769341,0.038438145
7.9389763,0.037641596
8.1004457,0.036914151
8.0060291,0.037358601
8.0658913,0.037083745
8.1876011,0.036555257
9.033494,0.033162262
9.7915459,0.030600175
9.9707565,0.030052206
10.141435,0.029546432
10.41093,0.0287816
10.560245,0.028374648
10.429694,0.028729819
10.407948,0.028772403
9.6604786,0.031016998
8.4625673,0.035396926
7.7447166,0.038668416
7.6940265,0.038894337
7.3662405,0.040583607
7.2773056,0.041050233
7.2376938,0.041292049
7.221035,0.041373603
7.3288417,0.040753197
7.4787326,0.040021956
8.0980406,0.036929246
8.4602461,0.035391174
8.4794617,0.035316549
8.8530931,0.033831533
8.9366436,0.033524845
8.668581,0.034551524
8.2298098,0.036367826
8.0356016,0.037225265
8.0240488,0.037343144
7.8880634,0.037907928
7.7242422,0.038697258
7.6098213,0.039280895
7.503644,0.039841902
7.4028721,0.0403792
6.8197598,0.043781511
5.8047981,0.051260252
4.8645401,0.060887128
4.3840332,0.0671518
4.1034074,0.071271941
4.095295,0.071384139
4.2955184,0.068374112
4.1207561,0.071193151
4.3403883,0.067674428
4.9670868,0.059563596
5.28409,0.056087591
5.3310962,0.055605087
5.6402898,0.052639283
6.0170946,0.049477927
6.3966088,0.046552498
6.3940396,0.046543676
6.1483274,0.048458695
5.7842083,0.051423997
5.503593,0.054076519
5.461112,0.054405078
5.5472927,0.053544976
5.5223837,0.053819664
5.2997227,0.056043033
5.3007388,0.055976029
5.1322598,0.057798944
4.5189457,0.065253198
3.5398786,0.082226485
2.8790507,0.099385478
2.7853158,0.10263507
2.6897352,0.10571342
2.4554877,0.11429207
2.3577604,0.11824187
2.3124313,0.11985568
2.598309,0.10905626
2.8590422,0.10031524
3.0126433,0.095748313
3.327347,0.087315142
3.7583272,0.077972583
4.167932,0.070601299
4.5948548,0.064301379
4.7549634,0.06227354
4.6899047,0.063090026
4.764956,0.062231481
4.9629259,0.059751492
5.2407303,0.056648243
5.2075958,0.056981798
4.9820118,0.059441924
4.8844709,0.060632739
4.2640605,0.069010176
3.3073494,0.087065764
2.7434702,0.10241134
2.1414995,0.12538053
1.6588008,0.15086126
1.4735337,0.15954354
1.258051,0.16813764
1.1108761,0.17318386
1.1200802,0.17306142
1.2636914,0.16925038
1.7642497,0.1457358
2.1629672,0.12739439
2.4875953,0.11311174
2.9166894,0.098522305
3.3218601,0.087590367
3.6267722,0.080731571
3.8232391,0.076866083
3.9456649,0.074514188
4.0203595,0.073293768
4.1452494,0.071022667
4.150393,0.070898309
3.9841595,0.07371331
3.6205096,0.080597438
3.4340248,0.084554963
3.5508897,0.082031198
3.7411075,0.078133069
3.6847467,0.079246797
3.454752,0.084327094
3.0774908,0.093931958
2.7757695,0.10335805
2.6496809,0.10799517
2.4047477,0.11799064
2.0939898,0.13304955
1.8361888,0.14833768
1.6345576,0.16021957
1.5809196,0.16485234
1.5506845,0.1665518
1.5370445,0.16794245
1.6467097,0.16124184
1.804214,0.15131913
1.9308047,0.14323923
2.0431983,0.13708334
2.1689122,0.13039006
2.2108705,0.12771945
2.3423979,0.12129491
2.4111667,0.11821339
2.4420297,0.11618167
2.3630998,0.11865953
2.0178144,0.13354692
1.4963843,0.16002892
1.3236564,0.17165814
1.1619748,0.17589949
0.92759842,0.16800947
0.79415643,0.16641788
0.65430665,0.16462676
0.57312661,0.16362965
0.54845476,0.16352199
0.68073863,0.16856356
0.91648448,0.17968871
1.0510263,0.18103282
1.1706614,0.18041933
1.3010288,0.17855263
1.4602858,0.17188542
1.695079,0.15717106
1.9495051,0.1414285
2.0707231,0.13499136
2.1716487,0.12968375
2.2895806,0.12347138
2.4169641,0.11765916
2.421196,0.11743911
2.2817824,0.12294817
2.1779461,0.12749954
2.1103156,0.13134302
1.9322586,0.14036879
1.6641375,0.15537311
1.5088073,0.16443622
1.4117147,0.17066382
1.4484632,0.16948557
1.5768363,0.1633359
1.6719279,0.15742338
1.6747786,0.15681186
1.6614919,0.15764058
1.7125973,0.1544036
1.8845655,0.14429626
2.07568,0.13312419
2.2103608,0.12666331
2.4823341,0.11454343
2.8401248,0.10133214
3.2381411,0.089850061
3.5412443,0.082433276
3.8380098,0.076515168
4.107091,0.071598783
4.3475466,0.06774722
4.5707054,0.064546347
4.5939927,0.064180665
4.7581167,0.061961528
5.0827866,0.05820347
4.7820644,0.061755333
4.2496438,0.069068566
3.8015699,0.076333582
3.2822149,0.087144256
2.8148429,0.099229768
2.1865149,0.12199233
1.8568728,0.13843337
2.1504271,0.12543727
2.6696138,0.10577562
3.1547544,0.091357514
3.6340804,0.080228001
4.0928321,0.071677648
4.5190334,0.065305725
4.9473519,0.059898395
5.2605257,0.056402691
5.5087185,0.054025389
5.8383918,0.050946359
6.030097,0.049508326
6.2177744,0.047936838
6.578886,0.045341324
6.7733779,0.044053268
6.8335333,0.043663036
6.9781365,0.042777363
6.6424584,0.044895843
5.4791489,0.054151561
4.4220767,0.066612661
3.7493751,0.077473767
3.097681,0.091741629
2.728013,0.10230469
2.3592303,0.11580765
2.4663203,0.11232372
2.7670932,0.10198301
2.9335694,0.097345196
3.3757474,0.085871652
3.827945,0.076368853
4.3994036,0.066909678
4.9584656,0.059762999
5.3487554,0.055492111
5.7283635,0.051865835
6.0624485,0.049153637
6.2197671,0.047883
6.3782153,0.04683309
6.6011968,0.045189451
6.7673588,0.044071123
6.8656487,0.043468248
6.8201981,0.043754172
6.802002,0.043855801
6.4512444,0.046207506
5.3474751,0.055456154
4.5687909,0.06459225
4.0925689,0.071667306
3.6803808,0.079046763
3.5356622,0.082049631
2.8133571,0.1001413
2.3716729,0.11629931
2.8722103,0.09885262
3.5016479,0.082993962
3.985724,0.073486343
4.441328,0.066336937
4.6346979,0.063717932
4.7879596,0.061854228
4.975987,0.059573311
5.0955262,0.058262315
5.285193,0.056267966
5.5136523,0.053902332
5.6354218,0.052874707
5.7870145,0.051416803
6.0369983,0.049313005
6.072772,0.049023848
6.0062475,0.049543232
5.9907284,0.049708821
5.3804469,0.055210419
4.6813669,0.063067563
3.9584055,0.073867403
3.2178726,0.08950597
2.5041018,0.11181409
2.1675146,0.12674892
1.7204638,0.14866582
1.8959727,0.1409685
2.0224071,0.13515052
2.0127139,0.13605188
2.11396,0.13056299
2.145669,0.12931512
2.199724,0.12652034
2.2684314,0.12356938
2.374366,0.11920468
2.5695002,0.11121214
2.7118158,0.10599332
2.8250828,0.10217804
2.8681426,0.10100091
2.9501233,0.098228298
3.0769894,0.094376065
3.0085063,0.096350431
2.8797305,0.099959418
2.9090009,0.09881705
3.0369787,0.095083468
2.9227412,0.098513268
2.595346,0.10948756
2.2873735,0.12249244
2.0243821,0.13546892
1.8833647,0.1430452
1.8256265,0.14680839
1.8960056,0.14283556
1.975209,0.13818422
1.9147406,0.14220674
1.9147846,0.14167517
1.9606822,0.13984041
2.0213356,0.13630986
2.1379769,0.13044363
2.3430951,0.12076844
2.5910261,0.11058647
2.7690685,0.10413743
2.8365636,0.10191812
2.8990221,0.10006606
3.0664849,0.094740942
3.1342397,0.092753038
2.9628882,0.097827256
2.7578804,0.10417249
2.6285172,0.10828269
2.6257379,0.10863569
2.5193441,0.11249685
2.1999416,0.12634803
1.9765625,0.13814886
1.8380419,0.14609112
1.7223765,0.15297796
1.6403793,0.15808997
1.6067868,0.15983491
1.6398658,0.15758228
1.7159568,0.1535902
1.800882,0.14829737
1.8749552,0.14404851
2.0215394,0.13577475
2.4803431,0.11424748
3.0256748,0.095541187
3.4810476,0.083729036
3.8968842,0.075366139
4.1934123,0.070232637
4.379478,0.067479759
4.5743361,0.064578496
4.7653098,0.062073052
4.7434201,0.06232214
4.5901074,0.064287715
4.381526,0.067014158
4.4472346,0.066233352
4.239841,0.069272533
3.4476831,0.083959922
3.0998018,0.092358448
2.510957,0.1108631
2.3763928,0.11619354
2.2101781,0.12340982
2.3553197,0.11797502
2.5735235,0.10896256
3.2460418,0.088965759
4.052341,0.072322667
4.5840988,0.064228006
5.1722112,0.057177451
5.9782763,0.049706969
6.8854227,0.043276105
7.6126289,0.0392204
8.3438072,0.035838015
8.8628902,0.033779357
9.0252981,0.033200368
9.2876787,0.032262444
9.7336493,0.030784262
10.097407,0.029675264
9.956007,0.030096184
9.5040703,0.031502087
8.9058285,0.033643603
8.0255289,0.037303209
7.183135,0.041615661
6.8638654,0.043496002
6.5368161,0.045627501
6.133924,0.04855543
5.7743077,0.051511161
5.738574,0.051832195
5.5227017,0.053715356
5.6970696,0.052189931
5.9120913,0.050293032
6.4026532,0.046530511
7.0223422,0.042498436
7.4684625,0.040004633
7.7543149,0.038572125
8.0492573,0.037180312
8.4451084,0.035473049
8.7033033,0.034424923
8.9431543,0.033505317
9.240262,0.032428
9.4065914,0.0318546
9.4395266,0.031742923
9.3856182,0.031925783
9.1521311,0.032740269
8.1328497,0.03682496
6.4376407,0.046324659
5.2567301,0.056505762
4.6428123,0.063493289
3.9239511,0.073739097
3.2877591,0.086028367
2.6156838,0.10445559
2.2702291,0.11772508
2.4806352,0.11044443
3.0446417,0.093662143
3.8397915,0.076077476
4.5425673,0.064899154
5.2048082,0.056952912
5.6497078,0.052676991
6.0725508,0.049055651
6.2842722,0.04740176
6.3989849,0.046612594
6.3849182,0.046693299
6.1268425,0.048721008
5.970232,0.049862444
5.9101343,0.050318561
5.6980839,0.052161574
5.4300108,0.054688349
5.3219924,0.055695985
5.3167081,0.05577334
4.9955721,0.059134129
4.5319514,0.065023184
4.0887017,0.071794763
3.4504797,0.084169753
2.7426989,0.10385949
2.5219474,0.11236672
2.4051347,0.11736735
2.2208142,0.12534218
2.1744356,0.12783077
1.9653744,0.13835321
1.8124969,0.1481864
1.7811476,0.15001975
1.7788805,0.15070048
2.0927095,0.13298532
2.4297523,0.11710946
2.563853,0.1117077
2.6637361,0.10791692
2.6703143,0.10786787
2.7443776,0.10501151
2.9387143,0.098503575
2.9559937,0.097784773
2.7920504,0.10289165
2.6379991,0.1082906
2.6277931,0.10869484
2.6746659,0.10673
2.672235,0.10647078
2.3933444,0.11718194
1.9354424,0.13931318
1.6766694,0.15364371
1.5670286,0.15883705
1.7255411,0.15176149
1.6901766,0.15433486
1.708848,0.15286773
2.3266861,0.12012197
2.9908476,0.09618187
3.3560743,0.086374521
3.6052673,0.080883287
4.0197473,0.072985999
4.425724,0.066598274
4.6118011,0.064103909
4.6750803,0.063211918
4.7487998,0.062387832
5.0602231,0.058585342
5.3095708,0.055902328
5.2882376,0.056156348
5.130693,0.057794325
5.0060267,0.059066981
4.5393,0.064913809
3.6606798,0.079388045
2.8614004,0.098687522
2.5578337,0.10932665
2.5635097,0.10933059
2.3586786,0.11725248
2.1945992,0.12549353
2.2938864,0.1212809
2.6010993,0.10843018
2.9856768,0.096463166
3.1975858,0.090220749
3.3103232,0.087593071
3.5580292,0.081813097
3.7158966,0.078729533
3.9453545,0.07431069
4.4926848,0.065749049
4.93084,0.060218606
5.0961018,0.058250997
5.2433228,0.056779437
5.3346624,0.055708941
5.1955385,0.057145424
5.152195,0.057617892
5.0430694,0.058813456
4.7848606,0.061746716
4.1326609,0.071099326
3.476609,0.083544508
2.9524071,0.096670285
2.5913045,0.1085777
2.3831713,0.11707027
2.013417,0.13411966
1.867963,0.14288881
2.0493686,0.13335048
2.2396982,0.12366223
2.0811872,0.1317392
2.0822585,0.13192675
2.2952156,0.12169206
2.8098094,0.10161651
3.3636494,0.086194262
3.6481154,0.080026783
4.0280428,0.07288406
4.4477339,0.06640853
4.669394,0.063343123
4.7603745,0.062274974
4.8534946,0.060989127
4.8859959,0.060577914
4.8796778,0.060633954
4.9461951,0.059833925
4.8746181,0.060515877
4.8059144,0.061538626
4.6032166,0.064086929
4.1511025,0.070699938
3.8113606,0.076688439
3.353965,0.086428933
2.9224479,0.098006509
2.6385188,0.10721923
2.1530409,0.12629902
2.0839126,0.12922195
2.2737882,0.12083628
2.6336267,0.10777887
3.0731399,0.093935765
3.4803319,0.083547242
3.6886737,0.079383165
3.7838192,0.077446632
3.6526022,0.080141395
3.6051831,0.081324145
3.6192212,0.080920957
3.5781183,0.081968859
3.5928168,0.081459582
3.4431717,0.084678121
3.046953,0.094901383
2.7409234,0.10447823
2.394398,0.11749684
1.9707267,0.13735586
1.2096475,0.16734394
0.9669944,0.16445933
0.79735315,0.16137177
0.63318765,0.1580186
0.5275346,0.15686969
0.53203118,0.15978616
0.69004905,0.1637322
0.91257238,0.17254944
1.1680639,0.17989446
1.3663763,0.17524371
1.6739178,0.15591927
2.094321,0.13190249
2.6797383,0.10669471
3.2681024,0.088895097
3.8185301,0.076846935
4.2627039,0.069090337
4.6954951,0.063078634
5.1696081,0.057355851
5.4719648,0.054251358
5.5118923,0.053862792
5.3989019,0.054942112
5.3352561,0.055562761
5.1846762,0.057173461
4.6415277,0.063520424
4.0391021,0.072560228
3.8647912,0.075594671
3.5322649,0.082168445
3.2553346,0.088743478
3.1545749,0.091565326
3.3640492,0.086235017
3.3732574,0.085847318
3.4744496,0.083734505
3.7791286,0.077270001
4.2183962,0.069561183
4.4719915,0.06583596
4.6945901,0.062979475
5.0091777,0.059122011
5.3588352,0.055337906
5.7657652,0.051629923
5.9366088,0.050104827
5.9648223,0.049977437
6.1790395,0.048175197
6.3771329,0.046670314
6.3428354,0.046939056
6.2815142,0.047393106
6.1214418,0.048583504
5.8777857,0.050573576
5.2773719,0.056095306
4.0517063,0.072244331
3.0225718,0.094171211
2.3920093,0.11579865
1.8772154,0.13893509
1.4589514,0.15965083
1.2146206,0.16776828
1.1613647,0.16872087
1.2668296,0.16583663
1.5705005,0.15477586
2.1028883,0.12950064
2.6439199,0.10728275
2.9205995,0.098319009
3.5041952,0.083195776
4.3105497,0.068405375
4.662642,0.063513122
4.7115359,0.062820435
4.8556423,0.061124254
5.2839761,0.056203965
5.8168354,0.051142149
6.1399927,0.048495922
6.2869954,0.047371775
5.7665133,0.051585823
4.369698,0.067200333
2.6708415,0.10295614
1.6896274,0.14383438
1.3418539,0.16239227
1.1907936,0.16839741
1.0611767,0.1714707
0.9006626,0.17403752
0.84215617,0.17472598
0.94546384,0.17441814
1.1370182,0.1716146
1.3867555,0.16650744
1.763124,0.14797288
2.3883777,0.11683273
2.899344,0.098938033
3.3404217,0.08704441
3.9213829,0.074857943
4.4863524,0.065916985
4.8818321,0.060697623
5.0827184,0.058492418
5.1517744,0.057622131
5.1896405,0.057184197
5.1698852,0.057419471
4.9646492,0.059671916
4.604619,0.064035095
3.7652307,0.077195324
2.5139599,0.10889
1.5664141,0.15149631
1.1107614,0.16755354
0.91705388,0.16462499
0.77509129,0.16176543
0.64179385,0.15952182
0.56683093,0.15847728
0.5695985,0.15864055
0.6133548,0.1608766
0.8028751,0.16852051
1.1290423,0.18020521
1.3296974,0.17637673
1.4336001,0.17242369
1.6245478,0.1614787
1.8972477,0.14469601
2.3123806,0.1223961
2.8115165,0.10272089
2.9305696,0.099004805
3.072392,0.094574206
3.322104,0.087819509
3.506779,0.083443902
3.2971294,0.088206738
2.782294,0.10243043
2.0491457,0.12984589
1.1407984,0.16433391
0.78166777,0.16362138
0.59123081,0.15950617
0.61941218,0.1654848
0.87920249,0.18047474
1.0621336,0.18273526
1.2034409,0.18235263
1.4263786,0.17373009
1.7511513,0.15296502
2.0951884,0.1330497
2.2483549,0.12562545
2.3872323,0.11928626
2.376689,0.11944579
2.2691376,0.12440151
2.1956298,0.12807994
2.1524215,0.12946332
1.9584265,0.13861103
1.5900447,0.15831341
1.0680463,0.16658904
0.85380399,0.16259223
0.71194565,0.1590292
0.51275933,0.15374529
0.52563375,0.15304887
0.59422225,0.1540249
0.60719436,0.15414838
0.71416748,0.1576996
0.83232629,0.16299225
0.9013592,0.16450328
0.95455641,0.16497624
0.99623483,0.16563477
1.0302935,0.16550536
1.0098784,0.1649653
0.92482615,0.16416515
0.93296111,0.16502284
1.0531366,0.16730668
1.1371156,0.17539665
1.1748205,0.18184122
1.1789093,0.18126692
1.1992863,0.18139146
1.255172,0.17969626
1.3201445,0.17842974
1.3927077,0.17410921
1.4882495,0.16982229
1.5188681,0.16682811
1.5733991,0.16366503
1.8129188,0.14881629
1.9987348,0.13818082
2.3407812,0.12072087
2.5707583,0.11095282
2.6476433,0.10841078
2.6515155,0.1080558
2.7403066,0.10482209
2.8343675,0.10145385
2.7899506,0.10260991
2.4835949,0.11289999
1.9908719,0.13331404
1.4168469,0.16124713
1.0332518,0.17513607
0.818609,0.16674288
0.6888842,0.16472088
0.55675185,0.16223206
0.70310539,0.17491883
1.0114937,0.18343335
1.2563076,0.17873833
1.4923846,0.16669628
1.7625539,0.15041403
2.1248231,0.13034165
2.4904039,0.11423459
2.5965335,0.11016622
2.5467093,0.1123645
2.524565,0.11309418
2.6149476,0.10949916
2.6987979,0.10626829
2.6575253,0.10729835
2.3848257,0.11752199
1.8339634,0.14222282
1.1608746,0.16664682
0.82612479,0.16285107
0.64629906,0.1590956
0.54526669,0.15745384
0.66130793,0.16371293
0.89431745,0.17244875
1.127596,0.18199281
1.3145038,0.17938365
1.565962,0.16515386
1.8004888,0.14986438
1.9538482,0.14116359
1.9624048,0.1406267
1.9150349,0.14315741
1.8877578,0.14463408
1.7442127,0.15342973
1.5506918,0.16494557
1.2310684,0.16797765
1.2863712,0.16832538
1.1543496,0.16634014
1.0328758,0.16339505
0.97018391,0.16231017
0.93011802,0.161221
0.93351507,0.16082296
0.83868438,0.15925241
0.71674645,0.15660651
0.62226313,0.1544458
0.64350307,0.15492798
0.66086406,0.15792893
0.72341275,0.1617772
0.81060064,0.16346478
0.98676687,0.16579741
1.2036338,0.16950847
1.4668015,0.17100617
1.6408776,0.1602549
1.7738442,0.15215506
1.9610806,0.14068656
2.2165177,0.12675336
2.4758427,0.11490281
2.6574616,0.10774551
2.669246,0.10678089
2.8067129,0.10177526
2.8488123,0.10058066
2.6576395,0.10701473
2.5543559,0.1107558
2.4228277,0.11586472
2.486665,0.11311883
2.5742798,0.10950883
2.4922006,0.11290094
2.6038196,0.10891687
2.7364194,0.10401407
2.8262823,0.10149529
3.0197632,0.095075727
3.3731351,0.086022615
3.5762978,0.081361391
3.9008191,0.075094081
4.3306098,0.067902856
4.5998607,0.064179279
4.8383732,0.061187234
5.1622438,0.057404637
5.4039726,0.054979827
5.4549866,0.054393377
5.2017684,0.056984801
5.0364342,0.058839045
5.0682993,0.058429811
4.9229527,0.059978999
4.6982255,0.062816299
4.3192911,0.068042234
3.9142466,0.074734226
3.7144811,0.078557149
3.801482,0.076755337
3.4991207,0.082674488
3.4425523,0.084009364
3.7811542,0.077084854
4.1965752,0.06978742
4.3385239,0.067849055
4.3274159,0.067959927
4.4079676,0.066736579
4.6895404,0.062911309
4.8346415,0.061194252
4.9828835,0.059449956
5.290453,0.056121338
5.566896,0.053465296
5.8476934,0.050858296
6.0239668,0.049503621
6.1615658,0.04830521
6.3570247,0.046843581
6.4977126,0.045825046
6.5290904,0.045605928
6.3379183,0.046869241
5.9883904,0.049677629
4.8288379,0.061185699
3.9314938,0.074314259
3.3697886,0.085532136
3.1584365,0.090952329
2.9495881,0.096519634
2.8187003,0.10086925
2.9184363,0.09805546
3.1893232,0.090278283
3.2572212,0.088876218
3.3217416,0.087329276
3.4241791,0.084934682
3.6349087,0.080198482
3.7833281,0.077445447
3.8627279,0.075887494
4.074348,0.072116286
4.4265714,0.066723935
4.6524262,0.063537493
4.5114894,0.065597557
4.2728086,0.068997584
4.0599089,0.072396286
3.9654846,0.073979147
3.850791,0.075947918
3.6583228,0.07962621
3.4890106,0.083288051
3.015928,0.095267579
2.8201451,0.10115156
2.7733395,0.10261294
2.4876423,0.11333308
2.1980522,0.12611042
2.1792803,0.12713994
2.2171137,0.1254885
2.1950622,0.1258949
2.3646898,0.11833332
2.5165968,0.11223369
2.6098905,0.10894482
2.6199138,0.10847416
2.6703665,0.10692331
2.8737924,0.10018416
3.1090651,0.093175642
3.2886636,0.088532247
3.3804798,0.086124957
3.5480909,0.082407326
3.8921726,0.075344719
4.2511511,0.06921339
4.2897005,0.068604916
4.0852919,0.071804054
3.5937307,0.080895931
3.0126507,0.09455996
2.2909968,0.11732924
1.6391026,0.14861311
1.337703,0.16457656
1.1606346,0.17133534
0.96701354,0.17491922
0.73307967,0.16669184
0.64774597,0.16518393
0.63517171,0.1647739
0.71201211,0.16602148
0.91894007,0.17590863
1.0637445,0.17825508
1.1375948,0.17735425
1.2564713,0.17801255
1.4147435,0.17327245
1.6434324,0.15982898
1.8696404,0.14578877
2.0452251,0.13595361
2.1365521,0.13121602
2.2746162,0.12406284
2.5487449,0.11204157
2.7480311,0.10453967
2.8308954,0.10145072
2.8149714,0.10185876
2.738951,0.10434429
2.5882654,0.1097355
2.2767184,0.12243943
1.87363,0.14309485
1.5067685,0.16393888
1.3096606,0.17169881
1.3836566,0.16906701
1.6350554,0.15742919
1.5790716,0.15879172
1.5603085,0.1609543
1.6815132,0.1547704
1.7923896,0.14900665
1.9693106,0.13838887
2.0708146,0.13299121
2.2812107,0.12302159
2.70033,0.10602625
3.2121477,0.090429857
3.6604166,0.079925448
3.838212,0.076546036
4.1157131,0.071498483
4.241477,0.06943164
4.0690575,0.072175093
3.727247,0.078412235
3.1776166,0.090850852
2.7152383,0.10372052
2.1170912,0.12629293
1.8167202,0.14211366
1.6334493,0.1526887
1.6060573,0.15619129
1.5903795,0.15690947
1.4003997,0.16567935
1.4959432,0.16229108
1.8518363,0.14340959
2.1377931,0.1287315
2.3372004,0.11945427
2.9031188,0.098611869
3.0196557,0.095087305
2.7027144,0.10555419
2.8139539,0.10207745
3.1852841,0.091144182
3.5127745,0.08322829
4.0897942,0.071893997
4.5938292,0.064372994
5.1341701,0.057700597
5.8303051,0.050953012
6.2971911,0.047244605
6.5314889,0.045587149
6.4152632,0.046342835
5.9860997,0.04960043
4.9549541,0.059610307
3.9375691,0.074071884
3.3061898,0.086744688
2.9000318,0.097410925
2.6465683,0.1053839
2.2823493,0.11975017
2.1936228,0.12426158
2.2707925,0.12025562
2.5820551,0.10897281
2.8557885,0.099646583
3.1296406,0.092063092
3.4715641,0.083562806
3.7827258,0.07731203
4.1997132,0.069964118
4.7082152,0.062817283
5.1426716,0.057768442
5.5536981,0.053511821
5.859179,0.05087921
6.0660195,0.049051493
6.1908865,0.048057713
6.2549591,0.047581326
6.2472086,0.047634508
5.5397143,0.0534916
4.4599605,0.065807596
3.3486335,0.085304059
2.5995836,0.10643834
2.1169097,0.1262828
1.9280068,0.13623504
1.8609576,0.13922216
1.7143711,0.14656436
1.5781537,0.15271102
1.5455893,0.15302327
1.7326915,0.14184077
2.2688491,0.11940261
2.9533277,0.096715063
3.53582,0.08206816
3.9921427,0.073417455
4.443882,0.066362761
4.8333087,0.061259709
5.2344832,0.056792032
5.5341821,0.053703953
5.7307186,0.05200633
5.8960958,0.050452396
5.9292588,0.050168138
5.8180647,0.051083121
5.7251086,0.051887963
4.884953,0.060379341
4.024508,0.07270319
3.5054615,0.082608454
2.9268777,0.096978284
2.3174186,0.11822929
1.8038006,0.14388338
1.6033254,0.15479189
1.4324758,0.16320972
1.2424669,0.16971296
1.213746,0.16919014
1.2635572,0.16800685
1.4645326,0.16197512
1.8498964,0.14318608
2.3052814,0.12074071
2.403347,0.11725032
2.4427652,0.11596791
2.6792314,0.10688916
2.7949972,0.10305951
2.8531992,0.1010552
2.8295906,0.1021491
2.7428069,0.10489795
2.5789113,0.11077603
2.4296072,0.11677675
2.0675893,0.13318904
1.2445651,0.16500495
0.95571291,0.15708125
0.60942012,0.14974143
0.66691744,0.16226557
0.83820873,0.16633268
0.97787595,0.17165072
0.96810687,0.16806699
0.94779211,0.16692691
0.98476201,0.16725352
0.99143076,0.167657
0.96084321,0.16695568
0.85161078,0.16501044
0.78484118,0.16396078
0.76356632,0.16390112
0.75306129,0.16387129
0.76476449,0.16394883
0.76237315,0.16342597
0.75020301,0.16297589
0.72847116,0.16221553
0.74864143,0.16253144
0.79973972,0.16372474
0.81143928,0.16359171
0.85476345,0.16345905
0.92109376,0.16372629
0.96380663,0.16384944
0.96432745,0.16269881
0.89958549,0.15806651
0.84694582,0.15515292
0.8121841,0.15395565
0.71307385,0.15275733
0.61525768,0.15182294
0.53418463,0.15319523
0.51738524,0.15262452
0.59994704,0.15681496
0.70967096,0.15617126
0.75846934,0.15846729
0.84431267,0.16324155
0.94542688,0.16527902
1.0101329,0.1650012
1.0711979,0.16570804
1.0950036,0.16611883
1.0593572,0.16642208
0.89017242,0.16298467
0.74553788,0.15873933
0.58730972,0.15563734
0.51272905,0.15394698
0.55461884,0.1561044
0.69168371,0.15904962
0.82174391,0.16314965
1.1587397,0.17589684
1.5256158,0.16367944
1.7698691,0.14766701
2.1311939,0.12892133
2.2696342,0.12285491
2.229944,0.12525845
2.461864,0.11523952
2.758286,0.10424782
2.9594994,0.09751457
2.9993277,0.096334472
2.9908409,0.096562691
2.8600919,0.10020953
2.6967623,0.10542196
2.7308273,0.10442618
2.7258129,0.10433418
2.3598964,0.11771064
1.9056444,0.13985692
1.7393923,0.14883438
1.3453311,0.16320683
1.1027675,0.16715306
0.99959171,0.16675243
0.92687207,0.16670962
0.9230451,0.16898197
1.0819049,0.1769221
1.2739383,0.17677663
1.4693916,0.16723096
1.6162528,0.15931262
1.8520135,0.14545017
2.2326174,0.12550613
2.6292276,0.10879011
2.9380608,0.098424263
3.1101511,0.093526214
3.1885431,0.091190837
3.2866292,0.088559538
3.2574241,0.089346625
3.0109847,0.09583687
2.7219851,0.10456657
2.6067858,0.10888475
2.1327794,0.12863508
1.478583,0.16066532
1.1592047,0.16779806
1.0490825,0.16753915
0.95424074,0.16671842
0.9015528,0.16510577
0.90793127,0.16441114
0.89244103,0.16433929
0.91301656,0.16614459
1.1407615,0.17418993
1.2956744,0.17992388
1.1464189,0.1728159
1.0839704,0.16715054
1.0574346,0.16509035
1.0530097,0.1644544
1.0939689,0.1655477
1.0944675,0.1648744
1.0518569,0.16284756
1.0387461,0.16253372
1.0376085,0.16240117
1.0156237,0.16248038
0.95560694,0.16262349
0.87095433,0.16120501
0.77134156,0.15821564
0.64893907,0.15445566
0.55416304,0.15483646
0.83633983,0.16254483
1.203649,0.16608222
1.5599238,0.15963794
1.3195289,0.17347611
1.2788813,0.17764051
1.1307466,0.16851372
1.0135111,0.16711341
0.91613936,0.16590685
0.8221423,0.1641071
0.71198732,0.16212764
0.57113379,0.15948968
0.61499614,0.16188538
0.72546798,0.16467924
0.88035601,0.17017947
1.1073726,0.1828856
1.3315792,0.17878588
1.5876592,0.16354342
1.8571875,0.14661047
2.1174693,0.13223401
2.237519,0.12576093
2.320318,0.12161905
2.2907739,0.122926
2.1035955,0.13088405
1.7930492,0.14607935
1.5633719,0.15675299
1.2187986,0.16853133
0.87049782,0.16537821
0.7220307,0.16191871
0.61431193,0.15943703
0.51924765,0.15807928
0.52875823,0.15949321
0.54784614,0.15965472
0.60142797,0.1606894
0.67539436,0.16160212
0.77881938,0.16353095
0.92355675,0.16624536
1.1328059,0.17415878
1.4571706,0.17163035
1.8717134,0.14614207
2.3017957,0.12285626
2.8128691,0.10233406
2.9839537,0.096777715
2.9458902,0.097875483
2.9858427,0.096291922
2.877558,0.099379957
2.4358215,0.11374486
1.66398,0.14874639
1.1701037,0.1750793
0.90484732,0.17105332
0.72249192,0.16419329
0.57260066,0.16118725
0.54212248,0.16005762
0.61955082,0.16112149
0.73367226,0.16301008
0.82968223,0.16529252
0.91139019,0.16632725
1.0385488,0.16731924
1.1307638,0.1678825
1.2130533,0.17005643
1.2117249,0.16840994
1.229663,0.1679966
1.248733,0.16801794
1.2327803,0.16738287
1.2159173,0.16692591
1.1998035,0.16686516
1.1532372,0.16626386
1.1041548,0.1647374
1.0287679,0.16314588
0.91389924,0.16009477
0.88459533,0.15952738
0.81768918,0.15953651
0.70040905,0.15726872
0.60477471,0.15514909
0.63239688,0.15698375
0.71866781,0.16006139
0.73816222,0.16140141
0.70862246,0.16153482
0.75290924,0.16245753
0.78952301,0.16305414
0.79497254,0.16245095
0.83033603,0.16281016
0.90884316,0.16409528
0.98561174,0.1647038
1.0522115,0.16485956
1.0777121,0.16486543
1.1066505,0.16492239
1.1009194,0.16486019
1.0628463,0.16533288
0.98593843,0.16492248
0.92479342,0.16431002
0.88599062,0.16314398
0.76789463,0.16129546
0.65257168,0.15963662
0.56207234,0.15796034
0.50656796,0.15683177
0.55881035,0.15834415
0.58753479,0.158915
0.63498902,0.15994187
0.75018859,0.1616994
0.86276263,0.16255759
0.94283342,0.1633814
0.96306229,0.16317669
0.92803174,0.16205427
0.90738255,0.16161387
0.89569873,0.16158085
0.87253332,0.16198075
0.84867859,0.16173622
0.84130734,0.16024312
0.59312117,0.15488791
0.65051001,0.16154675
0.79686612,0.16300176
0.90900165,0.16379686
0.97714901,0.16502395
1.112807,0.17020614
1.1666094,0.16844182
1.1917058,0.16742153
1.1799232,0.16692297
1.130864,0.16732512
1.0041388,0.16574098
0.90417415,0.16315724
0.8449744,0.16168883
0.80199862,0.16115689
0.83640987,0.16191208
0.84354657,0.16228291
0.81316805,0.16211462
0.8420403,0.16227421
0.84711909,0.16337268
0.86863512,0.16483879
0.8732729,0.16525029
0.89316618,0.1658144
0.97796303,0.16707066
1.0289561,0.16756076
1.0359378,0.16753732
1.1271279,0.17080957
1.3882656,0.17771018
1.5961914,0.16419123
1.8811324,0.14562084
2.2069576,0.12784013
2.445317,0.11645729
2.6956215,0.10649832
2.7504165,0.1043631
2.4326024,0.11537139
1.8651364,0.13924429
1.4460267,0.16110691
0.96928644,0.16704208
0.82875299,0.16464975
0.77665073,0.16370003
0.7137149,0.16181719
0.70387131,0.16115321
0.64206523,0.16053329
0.5886125,0.15912387
0.59220392,0.1598978
0.6415506,0.16176836
0.71256417,0.16316916
0.79010201,0.16451925
0.85831171,0.16571255
1.0319779,0.17658512
1.2754856,0.18275055
1.4690664,0.17242208
1.7109959,0.15625373
1.9421231,0.14204384
2.1578915,0.12976627
2.487236,0.11447994
2.5969241,0.10991441
2.5431836,0.11143275
2.5094085,0.11230738
2.0721166,0.1296034
1.5185333,0.15678711
1.0611877,0.16952185
0.89634609,0.16594081
0.85258919,0.16506611
0.79286331,0.16479135
0.72348207,0.16337219
0.69459957,0.16244923
0.67341107,0.16232444
0.61437303,0.16182892
0.60156089,0.16065192
0.67744005,0.16217861
0.828174,0.16925989
1.0290785,0.18378979
1.1599562,0.18428089
1.3211796,0.18030748
1.5057533,0.16965644
1.730656,0.15522604
1.9409541,0.14204665
2.0883551,0.13342153
2.2569311,0.12471949
2.3420951,0.12062584
2.3124909,0.12132706
2.2443235,0.12402001
1.9944617,0.13578244
1.5571809,0.16012952
1.0470554,0.16682769
0.96222419,0.16543409
1.076504,0.17196241
1.1841652,0.1804148
0.95234215,0.16667356
0.8943398,0.16417994
0.84109139,0.16316937
0.83297575,0.16426076
0.86855972,0.16568014
0.98059487,0.17065102
1.2304587,0.18245268
1.3781614,0.17765512
1.5083402,0.16949792
1.7123389,0.15584107
2.2625883,0.12444864
2.883487,0.10000494
3.2426682,0.089734957
3.6449599,0.08019691
4.0128999,0.073159337
4.107358,0.071470357
4.0319242,0.072742291
3.765697,0.077625118
3.464659,0.083765991
3.0013123,0.095062941
2.3815389,0.11567655
2.1249714,0.12726837
2.2934265,0.12092207
2.1230729,0.12801825
1.8618175,0.14207697
1.654328,0.15341857
1.5051978,0.16017564
1.6739806,0.15100101
2.3941236,0.11578532
3.036387,0.094603732
3.1730709,0.090793706
3.3113048,0.087446876
3.8785868,0.075448506
4.411797,0.066759124
4.8496184,0.061019693
5.3724575,0.055172354
5.7891679,0.051382173
6.2152224,0.047838338
6.2569609,0.047529019
6.1145382,0.048631251
6.0251555,0.049322531
5.7503371,0.051546101
4.9795098,0.059239279
4.2053227,0.069355488
3.4720006,0.082560033
2.6800485,0.10365067
1.9859264,0.13217773
1.6371902,0.15149044
1.5030925,0.15892869
1.4132545,0.16372672
1.4437367,0.16366087
1.5318375,0.16066456
1.5725613,0.15924065
1.7572914,0.14975682
1.9721297,0.13753904
2.1227317,0.12992057
2.4167459,0.11667017
2.8390229,0.10116784
3.3119109,0.087800592
3.7562215,0.077988669
3.9081216,0.075250894
4.2315078,0.069607928
4.5850248,0.064424604
4.5930753,0.064345092
4.4619098,0.066091515
4.1049643,0.071366116
3.3637977,0.085717507
2.4539635,0.11112697
1.7681688,0.1419379
1.4236566,0.16197887
1.4082494,0.16426001
1.2598975,0.17018573
1.0248201,0.16763748
0.91537845,0.16628714
0.78238326,0.16478479
0.74844873,0.16483077
0.796534,0.16501208
0.87374949,0.16611148
1.0811778,0.175539
1.2301422,0.17848544
1.3721902,0.1754237
1.581919,0.16339807
1.863384,0.14558451
2.1025133,0.13253669
2.1535027,0.12991384
2.165597,0.12900516
2.1455071,0.12986216
2.0408926,0.13551134
1.9173448,0.14160387
1.8371718,0.14605558
1.7998238,0.14821525
1.3741728,0.16844842
2.0276923,0.13211122
2.2553663,0.12319044
2.0415547,0.13504338
2.0088615,0.13681547
1.5839326,0.16295278
1.4703708,0.17137513
1.1397631,0.16748767
1.0468239,0.1663655
0.98351616,0.16618657
0.99026299,0.16685711
1.153633,0.17452268
1.3367603,0.17834152
1.5008327,0.16975313
1.8252925,0.14815238
2.3070285,0.12220035
2.7253554,0.10528894
3.0522165,0.095143691
3.36693,0.08660458
3.6429062,0.080320261
3.7051206,0.078951269
3.6579289,0.079810843
3.343159,0.086656034
2.7434485,0.10288405
2.0889614,0.12645
1.496709,0.15556863
1.0389702,0.16754469
0.86752325,0.16470461
0.7078892,0.16155946
0.58521682,0.15947744
0.66215473,0.16428308
0.80503953,0.16623688
0.97300339,0.17188019
1.2949778,0.1785164
1.6698194,0.1578256
1.9637345,0.13990052
2.2050169,0.12737462
2.4125104,0.11755757
2.5464022,0.11191017
2.5480216,0.11174361
2.3657792,0.11875193
2.117249,0.13013808
1.6513473,0.15170823
1.212274,0.16500759
1.0371139,0.16198972
0.87190437,0.15874477
0.68901736,0.15422927
0.57088965,0.1559573
0.64543158,0.1580144
0.7831192,0.16102172
0.86018884,0.16296028
0.88519621,0.16392668
0.93412542,0.16444652
0.92666924,0.16386591
0.89187521,0.16382788
0.86531854,0.16408117
0.82372707,0.16447872
0.64749604,0.16011149
0.5984453,0.16212682
0.75608653,0.16453525
0.87675041,0.16543329
0.9678669,0.1661669
1.0293295,0.16612384
1.17418,0.17223965
1.4274061,0.17490838
1.4758332,0.17115316
1.4072323,0.17418829
1.0750006,0.16791217
0.92331851,0.16434291
0.70094556,0.15898545
0.53993082,0.15400496
0.54679674,0.15384333
0.5538916,0.15889883
0.707268,0.16319488
0.88226515,0.16659637
1.1121964,0.17757176
1.3754528,0.17891139
1.6338656,0.161194
1.8593148,0.14572306
1.9218361,0.14149716
1.8871511,0.1440527
1.9085541,0.14158262
1.8417653,0.14436422
1.6960632,0.15363243
1.4225225,0.16831681
1.1912574,0.17393608
1.023779,0.17012547
0.90215403,0.16741297
0.82729787,0.1661357
0.79437834,0.16561195
0.83052605,0.16641906
0.85343307,0.16691254
0.77692586,0.16587512
0.75181872,0.16534017
0.78874028,0.16557293
0.94700909,0.17323241
1.1814547,0.18397136
1.3359095,0.17984194
1.4892108,0.1707934
1.6106834,0.1627717
1.6995583,0.15765437
1.8999417,0.14463726
2.2031882,0.12747453
2.4134519,0.11752167
2.5990508,0.10990791
2.6940761,0.10584366
2.3104713,0.11916747
1.7154334,0.14520879
1.0297754,0.16601397
0.77742052,0.16120802
0.5674023,0.15636966
0.59450531,0.16012649
0.83200938,0.16800714
0.97388321,0.16792162
1.0814886,0.17026155
1.3525143,0.17620581
1.739126,0.15243773
2.0955379,0.13161556
2.1842036,0.12604897
1.8592603,0.14098218
1.3201563,0.16430724
1.0065844,0.16261916
0.79260641,0.1574178
0.54003483,0.15251668
0.52047032,0.15776534
0.66392356,0.16099906
0.78678238,0.16427259
0.86741704,0.16529508
0.89559001,0.16530555
0.88483483,0.16518871
0.86935157,0.1645097
0.86087096,0.16357802
0.76679784,0.16164762
0.57954329,0.15775128
0.56455928,0.16275655
0.75062543,0.16534564
0.91224325,0.16695209
1.0936797,0.17270842
1.2225751,0.17733686
1.4330783,0.16974843
1.7046922,0.15366663
1.6803712,0.1543664
1.589578,0.15937681
1.4227123,0.16687225
1.0917011,0.16806014
0.75929475,0.16113581
0.51091909,0.15522261
0.53022534,0.16276164
0.70286238,0.16582496
0.96470177,0.17622049
1.2348573,0.17814577
1.5299716,0.16336714
1.8622192,0.14352106
2.3443923,0.11945513
2.7307079,0.10458729
3.0283706,0.095174968
3.2393744,0.089379117
3.3325372,0.086930275
2.7830462,0.10128412
1.9297804,0.13207595
1.3101596,0.1619359
0.8933199,0.16593669
0.70219493,0.16274761
0.59018439,0.16010585
0.53599638,0.16210537
0.71049088,0.16538933
0.91933465,0.16964881
1.1521068,0.17950805
1.2900984,0.17832384
1.3917713,0.17515397
1.5072693,0.16768181
1.6780031,0.1563057
1.8079644,0.14819451
1.9320374,0.13931604
1.7314173,0.14923814
1.2722374,0.16793233
0.86905903,0.16381817
0.58070564,0.15771827
0.64487684,0.16072151
0.76173335,0.1623628
0.86148715,0.16429009
0.93930721,0.16526273
0.98830628,0.165356
0.98302627,0.16467816
0.9039163,0.16340922
0.82582581,0.1616319
0.83947039,0.16209579
0.89414382,0.16316314
0.76926053,0.1591702
0.51636785,0.15605527
0.57110137,0.15592031
0.61960995,0.15530229
0.64161646,0.1550245
0.60588962,0.15467231
0.56872827,0.15483981
0.55747288,0.15512395
0.55729061,0.15514894
0.53161204,0.1569005
0.62648296,0.15872984
0.70258957,0.15956584
0.73366439,0.16027009
0.71843964,0.16049905
0.6845029,0.15911601
0.63559777,0.15671721
0.54590422,0.15600416
0.64739096,0.15790619
0.70457375,0.15914586
0.75139737,0.15972416
0.81902081,0.16064803
0.84134924,0.16109119
0.79090053,0.1607656
0.75308222,0.16056362
0.75420392,0.16062814
0.76410419,0.16122568
0.73258573,0.16137765
0.68745375,0.1605906
0.64465892,0.15933412
0.5540002,0.15754722
0.51458639,0.15690134
0.51525491,0.15625401
0.51526266,0.15692933
0.58166641,0.15903965
0.64147067,0.16045971
0.75752157,0.16220956
0.8509475,0.16351749
0.90307665,0.16403614
0.96780884,0.16423222
0.96767312,0.16367316
0.97060996,0.16331348
0.98094827,0.16333699
0.96601433,0.16326675
0.90475541,0.16300336
0.85734177,0.16224852
0.83789974,0.1617724
0.75668347,0.16087286
0.65350091,0.15927123
0.55679935,0.15750316
0.54952294,0.15739654
0.67121905,0.16011108
0.77618086,0.1617934
0.84438229,0.16313112
0.91919482,0.16475146
0.94667327,0.16411839
0.96156776,0.16493319
0.98100811,0.16663198
0.9163183,0.16466765
0.85240883,0.16117485
0.70918787,0.15741418
0.534958,0.15297079
0.54885662,0.15756057
0.6354934,0.15908577
0.73541278,0.16085519
0.82635665,0.16202562
0.88762534,0.16219831
0.92900085,0.16177543
0.91651756,0.16128716
0.87945199,0.16160949
0.8298322,0.16124652
0.78016454,0.15955096
0.68368685,0.15691727
0.54733074,0.15367483
0.55622065,0.15809388
0.67696488,0.16054448
0.78320301,0.16298497
0.88798004,0.16474205
0.97862798,0.16589317
1.0554098,0.16955884
1.1380124,0.17973427
0.90553719,0.16556913
0.71951419,0.15980396
0.52151614,0.15441804
0.5160296,0.15954106
0.63668698,0.16101553
0.72152334,0.16153185
0.80090141,0.16251132
0.89728981,0.16439788
0.95412236,0.16575429
0.96175754,0.16659778
0.81429285,0.16156532
0.61791432,0.15417238
0.52579147,0.15109289
0.60821527,0.15964578
0.68704242,0.16054526
0.74979281,0.16197814
0.8237201,0.16356623
0.83134764,0.16335501
0.80314338,0.16386442
0.70293307,0.16238259
0.56171262,0.15784535
0.53241599,0.15490709
0.60864079,0.15751226
0.68745995,0.16015662
0.70641041,0.1618854
0.66660041,0.16134974
0.59281939,0.15921731
0.59861356,0.16176209
0.76213008,0.16469827
0.85754222,0.16528834
0.90962446,0.16504666
0.95455694,0.16514143
0.99744958,0.16630529
0.97459453,0.16584377
0.89672118,0.16416343
0.7345385,0.15974078
0.54765189,0.15569991
0.5824185,0.15764412
0.5412221,0.15712228
0.60869181,0.16185458
0.74521804,0.16297539
0.83847421,0.16348465
0.90151507,0.16399084
0.92750204,0.16352125
0.90756238,0.16192698
0.82329023,0.16069004
0.73483968,0.15963098
0.63842839,0.15746123
0.57134557,0.15550183
0.52152246,0.16037118
0.70313233,0.16396418
0.89102244,0.17005314
1.0936747,0.184182
1.2689261,0.17984326
1.5575812,0.16271202
1.7048761,0.15254115
1.5587064,0.15976383
1.062129,0.16569366
0.84929848,0.15981495
0.59602916,0.15387721
0.52725965,0.1576982
0.62725449,0.1596256
0.72157186,0.16178273
0.78160906,0.16279097
0.7928493,0.1638218
0.72552967,0.16249277
0.60373962,0.1587818
0.60968482,0.16032407
0.70391893,0.16189006
0.81289268,0.16443956
0.88769794,0.16575263
0.86885715,0.16555068
0.77298862,0.16347903
0.64173388,0.15818779
0.63165998,0.16066702
0.7471056,0.16300426
0.84544182,0.16434267
0.91224271,0.16541545
0.89044523,0.16507865
0.75195777,0.16129859
0.5445174,0.1544773
0.5341469,0.15702173
0.57425129,0.15737925
0.50998861,0.15593256
0.54192305,0.15491007
0.55644697,0.15414658
0.56112093,0.1541405
0.5052281,0.15343489
0.59205377,0.16249542
0.72093213,0.16411462
0.83270663,0.16569467
0.93263888,0.16674915
1.0080503,0.16988607
0.89451963,0.1662405
0.72119194,0.16237688
0.55320686,0.15625863
0.51400548,0.15510437
0.53023112,0.15504028
0.53635031,0.16057692
0.53776461,0.15979549
0.5346936,0.15835764
0.52924383,0.15719475
0.53254491,0.15727417
0.50377703,0.15672098
0.56486589,0.15812427
0.61711854,0.15912099
0.61935622,0.15947443
0.59625906,0.15810615
0.52068883,0.15771896
0.61386454,0.15917639
0.69535244,0.16062911
0.75583535,0.16126135
0.80198622,0.16143432
0.8363921,0.16264467
0.81946456,0.16278227
0.80051029,0.16230758
0.6536063,0.15868697
0.53207278,0.1542681
0.55530602,0.15482697
0.54303318,0.15527347
0.52462685,0.15487103
0.50022668,0.15558352
0.56432885,0.15742524
0.61559194,0.1592433
0.6235351,0.15965131
0.62302643,0.15899421
0.57391155,0.1569822
0.55436128,0.15562941
0.62014461,0.15773724
0.67718649,0.15774302
0.65257913,0.1566399
0.60605174,0.15685265
0.62717021,0.15866083
0.65794802,0.15910468
0.53692025,0.15639609
0.64223319,0.16164763
0.79163885,0.16436966
0.9210192,0.16616416
0.99262273,0.16670822
1.1324006,0.17371826
1.3142574,0.17602557
1.4097447,0.16975211
1.4667121,0.16476935
1.5468251,0.15923734
1.312454,0.16476227
0.91823131,0.16316727
0.72842282,0.15752095
0.61476535,0.16144906
0.70002252,0.16114813
0.78055406,0.16263793
0.87275958,0.1645124
0.900415,0.16453846
0.83535498,0.1614496
0.77906579,0.15970387
0.7177397,0.15871821
0.5352149,0.15409201
0.50785553,0.15729295
0.59875447,0.15883403
0.67998028,0.16035566
0.71867269,0.15977381
0.73669428,0.15902144
0.71737546,0.15833147
0.66187721,0.15755761
0.61048096,0.15593506
0.54341251,0.15725075
0.58097267,0.15835236
0.60656136,0.15980564
0.64080179,0.16100383
0.53457403,0.15708442
0.60557479,0.16199404
0.767694,0.16526045
0.83957797,0.16573526
0.85078084,0.16583186
0.88941193,0.16637082
0.84040177,0.16553664
0.66535592,0.16152236
0.51342899,0.15615731
0.59050715,0.15915973
0.58522683,0.16037335
0.71388739,0.1634236
0.83696896,0.16860259
1.0211924,0.18155573
1.1865163,0.18185472
1.393062,0.17259955
1.6715754,0.15390387
1.8971767,0.14088146
2.0797586,0.13119265
2.2032969,0.12502857
2.2235317,0.12394354
2.1504273,0.12773436
2.0905099,0.12957796
2.0972879,0.12891206
1.8483592,0.1400979
1.3673352,0.1630688
0.8715598,0.16476466
0.64203233,0.16028002
0.64810264,0.16837768
0.89551717,0.18239965
1.0759119,0.18296859
1.2348006,0.18020058
1.4517193,0.16966493
1.6889206,0.15385234
1.7560747,0.14907543
1.746364,0.14983021
1.7227873,0.151779
1.5858091,0.15906826
1.4412937,0.16750315
1.208258,0.16745135
1.0489165,0.16450684
0.92119062,0.16115333
0.82702351,0.15687171
0.7246685,0.15461926
0.62899697,0.1539938
0.61726725,0.15335038
0.57932103,0.15200394
0.62937361,0.15390103
0.74133444,0.15882929
0.80004883,0.16164307
0.82187271,0.16151087
0.84791106,0.16117878
0.83915389,0.16059871
0.78467029,0.1593551
0.76940626,0.15888923
0.78588629,0.15903357
0.81459403,0.1603204
0.86991543,0.16197482
0.90026909,0.16249126
0.92696881,0.16307297
0.93395841,0.16343588
0.92278975,0.16444005
0.92338234,0.16473165
0.84825552,0.16348693
0.7007038,0.1612094
0.56447572,0.15775946
0.51512033,0.15457253
0.51146662,0.15468587
0.53199279,0.15956636
0.64891577,0.16295789
0.79525179,0.1654983
0.91361564,0.16635212
1.0727475,0.17522003
1.2212542,0.18086448
1.3398768,0.17736734
1.5281533,0.16519432
1.6894565,0.15409118
1.7655655,0.14905275
1.7998601,0.14557481
1.8315563,0.14268424
1.5766716,0.15615477
1.0311255,0.16861114
0.64796388,0.16018985
0.56979984,0.16190222
0.75060374,0.16504849
0.88688475,0.16636632
1.1305885,0.18080913
1.2891889,0.18037964
1.369697,0.17525968
1.5395228,0.16397336
1.6637677,0.15560672
1.6303924,0.15642022
1.6109879,0.15724804
1.3878053,0.16838896
0.87927437,0.16383144
0.56141776,0.15706965
0.54956836,0.1607547
0.72274417,0.16398706
0.86362654,0.16594212
1.1115519,0.18292265
1.2718173,0.18154848
1.3847237,0.17487118
1.4331958,0.17097013
1.3953952,0.17271534
1.4099909,0.17103583
1.1600741,0.17045733
0.77783573,0.16148105
0.51182485,0.15499982
0.57651281,0.15609346
0.59951472,0.15506576
0.6066137,0.15541539
0.58848488,0.15602508
0.57955027,0.15594238
0.60753334,0.15984185
0.71145767,0.16187431
0.76783603,0.16299114
0.81596649,0.16459669
0.85432386,0.16497599
0.80146384,0.1632566
0.57221985,0.15758213
0.52145201,0.15602301
0.60568285,0.15819594
0.63994271,0.15874808
0.60168636,0.15719232
0.56165928,0.15532725
0.54428327,0.15354015
0.5150016,0.1523762
0.54778856,0.15348043
0.59778339,0.15495583
0.61890185,0.15491845
0.59629762,0.15362246
0.54581994,0.15262623
0.52923125,0.15247543
0.5358721,0.15257601
0.50899762,0.15221396
0.50786275,0.15285203
0.55856597,0.15443631
0.57765555,0.15493852
0.57326329,0.15486026
0.6370194,0.15609413
0.71445405,0.15707321
0.79640859,0.15812771
0.8606714,0.15931426
0.92757803,0.16051544
0.94674444,0.16144367
0.96602798,0.16246843
1.0142839,0.16354832
0.99094945,0.16375108
0.95984238,0.1642341
0.89998794,0.16340171
0.73955005,0.16018514
0.58856738,0.15671174
0.55261052,0.15716949
0.64465755,0.15870087
0.73558915,0.1610042
0.83017319,0.16311377
0.88955075,0.16422865
0.93985724,0.16478771
0.91249549,0.16296126
0.84368128,0.16201219
0.8379426,0.16244331
0.82102597,0.16238435
0.76336718,0.16103838
0.69907796,0.15926862
0.55106682,0.15646571
0.56793743,0.16026659
0.73199719,0.16335183
0.85569757,0.16511624
0.99313158,0.16931787
1.159372,0.18041579
1.3004968,0.17682375
1.4809284,0.16743012
1.6282653,0.15773253
1.8137773,0.14468597
1.9260143,0.13726418
1.697606,0.14957425
1.1195889,0.16681972
0.74338895,0.16154963
0.54709327,0.1585432
0.63242674,0.15916623
0.7116636,0.16011636
0.8158226,0.16290469
0.89604086,0.16410121
0.92592871,0.1637284
0.96330088,0.16441655
0.97943681,0.16426557
0.97091228,0.16438137
0.93865329,0.16465127
0.91879785,0.16400963
0.91594666,0.16312042
0.90358782,0.16274323
0.88458425,0.16157885
0.77678615,0.15791802
0.64501214,0.15360501
0.54359323,0.15150967
0.57101905,0.15724917
0.6634289,0.15850927
0.73930359,0.15991168
0.80618483,0.16114491
0.85605472,0.16167477
0.90400016,0.16243747
0.91487551,0.16284513
0.91225672,0.16388258
0.94020331,0.16524415
0.9175036,0.16396858
0.69652933,0.15954091
0.57294708,0.15927114
0.69754058,0.16135909
0.81550151,0.16379884
0.90658081,0.16533594
0.97951555,0.16644689
1.0401216,0.16698059
1.1075771,0.17000614
1.2737335,0.18031318
1.2991717,0.17912373
1.0568306,0.16679372
0.832973,0.16193911
0.55770481,0.15391304
0.51573896,0.15763865
0.59474623,0.15909122
0.70853567,0.1608801
0.80797946,0.16171892
0.86709154,0.16248675
0.90582162,0.16299964
0.92002189,0.16300133
0.93460238,0.16303098
0.93539929,0.16300181
0.92289031,0.16341825
0.95240873,0.16448326
0.9497636,0.16487284
0.88157427,0.16402058
0.87775189,0.16364954
0.90757734,0.16378193
0.90607488,0.16325063
0.8835929,0.16277964
0.89052701,0.16283742
0.89547765,0.16283272
0.84224027,0.16255809
0.79021794,0.16230385
0.77621818,0.16276051
0.7972154,0.16324
0.81305456,0.16389014
0.85906065,0.16501488
0.94537735,0.16630159
1.0727305,0.16992369
1.2836822,0.17867152
1.3527778,0.17586465
1.3752693,0.17455783
1.4283078,0.17126276
1.5147828,0.16569835
1.5867418,0.16073905
1.5478152,0.16201325
1.5135972,0.16418509
1.5308855,0.16405773
1.3846447,0.17063561
1.1322036,0.16757014
1.0846878,0.16646825
0.96570766,0.16460159
0.81820601,0.16273111
0.65583241,0.16083714
0.62878519,0.159825
0.59830791,0.15924414
0.58818203,0.1596747
0.62419629,0.16099456
0.66705304,0.16172466
0.69508207,0.16189368
0.72924012,0.16209458
0.78467745,0.16290537
0.87363505,0.16427585
0.95883775,0.16547695
1.0067312,0.16543357
1.0235744,0.16509615
1.0301883,0.16508698
1.0394943,0.16510424
1.0275829,0.16504921
1.0032926,0.16544446
1.0574493,0.16919433
1.0632453,0.16743481
0.87099123,0.16419782
0.62608802,0.15901335
0.55669492,0.15654252
0.6086368,0.15655142
0.63544786,0.15608284
0.64195687,0.15562609
0.64964789,0.15566318
0.65558159,0.15569119
0.63079172,0.15548028
0.60312968,0.15650874
0.62660861,0.15816033
0.6812759,0.15958627
0.70070004,0.16015229
0.67548776,0.15933914
0.62973154,0.15802647
0.57615632,0.15657443
0.5579614,0.15535659
0.53635347,0.15468715
0.52924138,0.15409321
0.51354772,0.15405817
0.52039742,0.15557858
0.58586162,0.15700099
0.6436938,0.1579162
0.67829984,0.15812375
0.71133375,0.15829876
0.73227489,0.15839107
0.74453521,0.15843423
0.73343194,0.15833353
0.70360655,0.15862812
0.69676703,0.15958457
0.73774618,0.16033453
0.76108444,0.16048841
0.75422454,0.15981591
0.69681621,0.15847211
0.52237523,0.15478504
0.55285722,0.15911737
0.64591897,0.16181558
0.74135613,0.16422895
0.84941894,0.16548917
0.96576822,0.1664848
1.0351571,0.16646494
1.0420177,0.16599455
1.0545557,0.16600628
1.0676501,0.16603479
1.0904123,0.16666676
1.1204954,0.16714711
1.1146281,0.1670946
1.1148452,0.1697658
1.2399141,0.18079491
1.1639255,0.18154089
0.96328062,0.166592
0.88658631,0.16391413
0.84783161,0.16203746
0.78708446,0.16081205
0.70485222,0.1599686
0.61612695,0.15933172
0.5970934,0.1592529
0.60808653,0.15990885
0.63510782,0.16048579
0.64841819,0.16116558
0.695005,0.16192393
0.77863175,0.16291197
0.90722978,0.16889578
1.143499,0.18385586
1.2770085,0.1811579
1.4181575,0.17308328
1.5382664,0.16651256
1.6414666,0.15972891
1.6338086,0.15952401
1.5521313,0.164657
1.4441642,0.17094593
1.1589968,0.16759437
1.1131182,0.16601732
1.065333,0.16454503
1.0087045,0.16290413
0.95153022,0.1614403
0.91090542,0.16094689
0.90493256,0.16096121
0.89622146,0.16092506
0.86916685,0.16020246
0.82276082,0.15903631
0.76993763,0.15841867
0.76425189,0.1589449
0.74798632,0.15920922
0.73967278,0.15916535
0.72114539,0.1590454
0.71721363,0.15905252
0.73042196,0.1591578
0.77658701,0.16007641
0.8685416,0.16259301
1.0260898,0.1696403
1.2797498,0.18373254
1.3891335,0.17750603
1.6018589,0.16226678
1.7719872,0.15043478
1.8043435,0.14694117
1.686398,0.15436395
1.5153323,0.16665509
1.2091177,0.16781563
1.1661941,0.16670434
1.0539924,0.16442119
0.95755672,0.16298018
0.93894148,0.16299573
0.92678636,0.16238101
0.89750516,0.16182442
0.90286762,0.16247247
0.88444901,0.16279189
0.86801726,0.16431002
0.91271609,0.1651459
0.97385788,0.1693937
0.95077044,0.16608736
0.99021173,0.16612674
1.0482999,0.16648141
1.0701461,0.16611242
1.0730307,0.16561399
1.0803326,0.16577354
1.0798274,0.16562596
1.075616,0.16526499
1.0565771,0.16519634
0.97259486,0.16384014
0.89724761,0.16220388
0.72583532,0.15935245
0.55831259,0.16033629
0.80702198,0.16553935
1.0575156,0.17492367
1.2974355,0.17590746
1.4733648,0.16447283
1.4960788,0.16130292
1.2185472,0.17386538
0.82026333,0.16910243
0.65018308,0.16220304
0.61357236,0.15934049
0.52370667,0.15650369
0.51989001,0.1580157
0.61375207,0.16138238
0.74714863,0.16446854
0.8253153,0.16445129
0.87837934,0.16385441
0.93145514,0.16292857
0.96472001,0.16170897
0.96876842,0.16180688
0.97640455,0.16218404
0.99537587,0.16334079
1.0323601,0.16483177
1.0640261,0.16532275
1.101154,0.16929349
1.2539573,0.18081263
1.2736977,0.17970607
1.2609924,0.17914398
1.2097393,0.17846234
1.0211388,0.16689159
0.87637281,0.1633666
0.83472407,0.16333869
0.86176175,0.16410649
0.93363839,0.16507985
0.99052429,0.16654135
1.0258443,0.16959433
1.1144128,0.17907014
1.190284,0.18011028
1.3352752,0.17498852
1.501615,0.16619824
1.7144182,0.1528891
2.0199385,0.1353526
2.2836564,0.12223451
2.4511681,0.11511431
2.6263795,0.10867914
2.8322477,0.10129733
3.1511137,0.091723233
3.3187726,0.087317772
3.3240352,0.086989999
3.1058538,0.092136614
2.4228954,0.11351477
1.7520748,0.14494298
1.4735268,0.16161886
1.2752452,0.16855738
1.0377237,0.17420885
0.93344849,0.17495042
0.91768277,0.17555368
0.90504199,0.17592506
1.0065148,0.17576727
1.2116328,0.1757393
1.3078086,0.17408539
1.4114146,0.16977482
1.6749672,0.1531312
1.8780241,0.14163552
2.1379738,0.12819979
2.38884,0.11692999
2.9007664,0.098792329
3.4729648,0.083742097
3.4725487,0.083950281
3.2182987,0.090005808
3.0557101,0.094373479
2.7271922,0.10456915
2.3689981,0.11796637
2.1585586,0.1272366
1.971199,0.13632807
2.0647132,0.13105758
1.9133568,0.13789067
1.272458,0.16721603
1.203884,0.16630812
1.1735244,0.16577922
1.174582,0.16593058
1.1309667,0.16567329
1.0795511,0.16568467
1.0524464,0.16597214
1.0149891,0.16537231
1.0211982,0.16506788
1.0670059,0.16627859
1.1534501,0.16920045
1.1746843,0.16772543
1.371639,0.17200883
1.6373947,0.15885037
1.7549119,0.15207189
1.7454512,0.15259261
1.7263362,0.15343431
1.3344687,0.16745654
1.2575138,0.16538309
1.146858,0.16383651
1.0709015,0.16332531
1.0261862,0.16266575
0.94416118,0.160887
0.86166471,0.15865283
0.80088705,0.15641038
0.73129719,0.15453736
0.64725608,0.152876
0.55818635,0.15465924
0.51324803,0.15473424
0.53634197,0.15253295
0.5976128,0.1535152
0.63313341,0.15319349
0.63661176,0.1533208
0.65325421,0.15449634
0.63920081,0.15599832
0.66517639,0.15768076
0.71563303,0.15900397
0.73675555,0.16011426
0.7355721,0.16052519
0.73766661,0.16052979
0.74006128,0.16052857
0.69219249,0.15957792
0.63381517,0.15870713
0.59471548,0.15839149
0.61715382,0.15979868
0.70200247,0.16295274
0.73022705,0.16361731
0.7733348,0.16401505
0.85833031,0.16532193
0.9323101,0.16649026
1.0747781,0.17626458
1.3005122,0.18097176
1.4706819,0.17062512
1.581834,0.16423176
1.5504286,0.16615784
1.4912124,0.16992599
1.5226361,0.16803385
1.4723854,0.17138113
1.4102334,0.17433678
1.3812404,0.17523065
1.1545376,0.16789106
1.1329513,0.1668146
1.1176026,0.16635047
1.1142222,0.166354
1.1014243,0.16630694
1.0707077,0.1657313
1.0205078,0.16464396
1.0171351,0.16482466
1.0010992,0.16517729
0.96949559,0.16554934
0.94407839,0.16637558
1.0558438,0.17698608
1.1772473,0.18340804
1.2024145,0.18416549
1.2493751,0.18418556
1.1033207,0.16778344
1.1196737,0.16737743
1.1328248,0.16738692
1.1440508,0.16740733
1.1500858,0.16740628
1.1507398,0.16682823
1.1555748,0.16699971
1.1286271,0.16730972
1.09242,0.16664372
1.056458,0.16566931
0.97286004,0.16449219
0.82771099,0.16133782
0.76852399,0.15949029
0.77108151,0.16020004
0.77355725,0.16118242
0.77244925,0.161045
0.76470906,0.16063285
0.778916,0.1612303
0.75991964,0.1614345
0.69349599,0.1604989
0.67242593,0.16003226
0.70296365,0.16028491
0.75700361,0.16113943
0.82226342,0.16181879
0.88240451,0.16205446
0.93383521,0.16222173
0.99118268,0.16349366
1.0418926,0.16497025
1.0636559,0.16483189
1.1025838,0.1645049
1.1629301,0.16629584
1.2930958,0.17142332
1.4536889,0.17005193
1.5749977,0.16207692
1.2539576,0.16801395
1.29661,0.16644672
1.552117,0.16165295
1.2480536,0.16799875
1.2017169,0.16687772
1.1178864,0.16574518
1.0786233,0.16531289
0.97425705,0.16437402
0.9434222,0.16391672
0.94869149,0.16453969
0.95168924,0.16497605
1.0495815,0.16585742
1.1576875,0.16971822
1.3118315,0.18105935
1.4137036,0.17564975
1.5222678,0.16791506
1.6258283,0.16167876
1.6783901,0.15843289
1.6383127,0.16037415
1.6291915,0.16100945
1.5841619,0.16400348
1.6082215,0.16127534
1.6965699,0.15510148
1.5870247,0.16118333
1.0221336,0.16741395
1.0378703,0.16663608
0.98038238,0.16550337
0.9692564,0.16457224
0.99290222,0.16424507
0.98544395,0.16418941
0.96473062,0.16411009
0.95759946,0.1640998
0.98117214,0.16475657
0.98005646,0.1656241
1.0259296,0.16670901
1.0592986,0.16718821
1.2637006,0.17753766
1.5849133,0.16271216
1.9616508,0.13899197
2.3680508,0.11893468
2.7396388,0.10445617
2.6172895,0.10899074
2.3675101,0.11910759
2.3930671,0.11788744
2.4142375,0.11677853
2.3668659,0.11834829
2.2853093,0.12143026
1.3194823,0.16739839
1.0665054,0.16495404
1.0017767,0.16305675
0.91118205,0.15974753
0.83349997,0.15713851
0.80908144,0.15607655
0.78866005,0.15615338
0.78251725,0.15599477
0.72902691,0.15464768
0.67380065,0.15448415
0.63028377,0.15519451
0.65468121,0.15713379
0.71753162,0.15900382
0.79041892,0.16153271
0.9144848,0.1643928
1.1361967,0.17466372
1.4094458,0.17385697
1.6696253,0.15751436
2.046731,0.13448073
2.3892062,0.11790168
2.6696527,0.10672248
2.7753012,0.10289903
2.8021719,0.10163337
2.7556291,0.1030425
2.2724631,0.12082742
1.5867159,0.15536784
1.2688425,0.17182495
1.1291707,0.17607453
0.99342453,0.16694574
0.97561133,0.16662784
0.96890026,0.16705035
0.99069667,0.16656739
0.99068868,0.16669956
1.090266,0.17306142
1.2074649,0.17848837
1.3511946,0.17596719
1.5192505,0.1651094
1.6751463,0.15552574
1.8436346,0.14549628
1.996385,0.13714568
2.1240423,0.130466
2.2613842,0.12403849
2.3350339,0.12098935
2.3851116,0.11848522
2.293947,0.12239772
2.0416937,0.13528468
1.787083,0.14889807
1.6558858,0.15636447
1.1959015,0.16656365
0.80395788,0.15960442
0.51789755,0.15166956
0.59617925,0.16178837
0.75656533,0.1649975
0.92655808,0.17129317
1.2053123,0.18535873
1.6192672,0.15906027
1.976333,0.13748387
2.3305314,0.11993445
2.5658705,0.11077585
2.7040854,0.10567383
3.00701,0.095740855
3.1581595,0.091384612
3.1144106,0.09235204
3.1296554,0.091873281
3.1204431,0.092119507
2.9667063,0.096641913
2.8505821,0.10006291
3.2443464,0.088716269
3.4008276,0.085023798
3.2913494,0.087688319
3.1737218,0.090638392
3.4137206,0.084779717
3.8080478,0.076315932
3.68331,0.078983374
3.6855345,0.078863777
3.8877091,0.075056255
3.7409191,0.077838413
3.7426736,0.077958107
4.099987,0.071545243
4.2793279,0.068648763
4.413126,0.066734321
4.7513027,0.062079489
5.1803346,0.057201132
5.4707303,0.054147888
5.656281,0.052403774
5.7645078,0.051462781
5.7841964,0.051270887
6.1133986,0.048554208
5.890481,0.050371941
5.2784119,0.056019545
5.5362339,0.0535102
5.5585604,0.053287238
5.4157586,0.054593217
5.1335182,0.057510387
4.6995893,0.062690467
4.4710932,0.065741859
4.3322768,0.067700408
4.0397992,0.072562523
3.6174483,0.080463625
3.4434392,0.084226318
3.6804779,0.079051048
3.854965,0.075816341
4.1886353,0.070058279
4.4256172,0.066395313
4.6573906,0.063323565
4.7365403,0.062253971
4.4247508,0.066643625
4.5238261,0.065153897
4.6831541,0.06296058
4.6750693,0.063064151
4.768012,0.061851058
4.8655491,0.060604766
4.59795,0.064078271
4.237493,0.069160938
3.9542942,0.073748246
4.0340414,0.072377563
3.8796473,0.075008847
3.7938809,0.076708071
4.2064438,0.069582626
4.3507738,0.067399099
4.2737966,0.068557613
4.3075299,0.068295285
4.2147951,0.069640033
4.4358029,0.066316143
4.8233728,0.061198547
4.9804358,0.059416998
5.101572,0.05801959
5.309916,0.05584209
5.5614634,0.05343248
5.7328038,0.051805772
5.6957397,0.052237723
5.400795,0.054910023
5.2691455,0.056212936
5.0925875,0.058079429
4.8216972,0.061185721
4.8855929,0.060437288
4.9202724,0.060014296
4.5459504,0.064651772
3.9021382,0.074586712
3.0201046,0.094182447
2.432693,0.11381979
1.9000643,0.13714686
1.6042523,0.15553267
1.7015388,0.15141307
1.731181,0.15134522
1.6344682,0.15867896
1.5415354,0.16457896
1.2293152,0.16731614
1.201328,0.1659141
1.2401495,0.16616409
1.2454225,0.16601564
1.2528309,0.16510797
1.2539117,0.16468529
1.233121,0.16414766
1.2247857,0.16428635
1.2070656,0.1646131
1.2135113,0.16525809
1.2130849,0.16568114
1.1459025,0.16550459
1.1293188,0.16657293
1.027805,0.16545273
0.83657742,0.16197041
0.69907027,0.1583918
0.58052272,0.1550632
0.53788686,0.15378317
0.75180089,0.1603466
0.96529013,0.16460207
1.1819251,0.16716048
1.5132467,0.16366605
1.4676433,0.16816691
1.9247376,0.13851434
2.555943,0.11022274
3.2070553,0.089882158
3.4364367,0.084475577
3.4574816,0.084083773
3.9307292,0.074572027
4.1578064,0.070558995
4.3175559,0.06805943
4.5879064,0.064207703
4.5656004,0.064429797
4.5669451,0.064294219
4.1152706,0.071110688
3.6288364,0.08000157
3.478934,0.083198071
3.2845845,0.087735601
3.0949371,0.092552342
2.5269156,0.10958152
2.2025938,0.12356797
2.2267549,0.12277142
2.6756415,0.10535375
2.9933708,0.095908314
2.9793966,0.09593948
3.1232362,0.091985293
3.2393181,0.088886432
3.2853086,0.087883919
3.4928746,0.083217524
3.8492734,0.075959258
4.0974708,0.071670271
4.3104296,0.068258204
4.4343357,0.066566832
4.4928946,0.065586783
4.4510612,0.066174574
4.3373227,0.067785576
4.174994,0.070257276
4.0493922,0.072087437
3.9641252,0.073768146
3.7083054,0.078495272
3.4693029,0.08339902
3.1856863,0.090277173
2.8117654,0.10116358
2.282479,0.12014449
2.1684732,0.12642618
2.3986962,0.11637032
2.7306592,0.10369115
2.8941879,0.098868646
2.9854515,0.096003063
3.2394798,0.089168616
3.5560524,0.081632502
3.8633318,0.075730123
4.2476754,0.069155589
4.6352305,0.063635789
5.064981,0.058528449
5.4021015,0.05489191
5.6711822,0.052477475
5.9629946,0.049861141
6.2391829,0.047672305
6.4490075,0.046152875
6.6078033,0.04506056
6.7543025,0.044082303
6.1177411,0.04861965
4.9633112,0.059557911
4.1790609,0.070032842
3.7441256,0.076971509
3.2686608,0.086841457
2.7596807,0.10044335
2.3695843,0.11580388
2.8583608,0.099590115
3.313735,0.08702822
3.4846115,0.083370782
3.515852,0.082659781
3.6291525,0.080276467
3.878684,0.075349219
4.121829,0.07118807
4.5234532,0.065161444
5.0526948,0.058541942
5.4201279,0.054785043
5.344173,0.055466387
4.981916,0.059539452
4.8702621,0.060739204
4.996736,0.059199337
5.1319933,0.057720043
5.1715684,0.057253502
5.0822601,0.058191206
4.4519038,0.066151552
3.4175267,0.084427029
2.7792161,0.10141717
2.3088162,0.1184852
1.9764646,0.13325153
1.7584511,0.1435764
1.5202612,0.15738848
1.4202875,0.16382261
1.5970311,0.15708691
1.8881892,0.14226183
2.0116036,0.13514034
2.1893172,0.12648775
2.2812054,0.12229791
2.3669024,0.118684
2.6346302,0.10790718
2.7089977,0.10498102
2.4433959,0.11578227
2.2833414,0.12329352
2.4014628,0.11811801
2.4140191,0.11731482
2.3132305,0.12176835
2.1051521,0.13186154
1.9926522,0.13759445
1.9697194,0.13850053
1.935612,0.14019851
1.7303313,0.15164632
1.3012184,0.16713187
1.244814,0.16523597
1.198287,0.16471183
1.1742631,0.16418016
1.0481226,0.16286249
0.98605514,0.16231973
1.0051036,0.16306584
0.99196976,0.16392003
0.95328718,0.16414347
0.96059865,0.16420515
0.99876279,0.16434835
1.0303742,0.16443069
1.059592,0.16509745
1.1138577,0.16567436
1.143818,0.16573377
1.1389725,0.16618326
1.1395837,0.16655411
1.2315346,0.1686039
1.5095706,0.17035155
1.577148,0.16524053
1.6780703,0.15680419
1.8302996,0.1462253
1.5814837,0.15922274
1.2389579,0.17669691
0.92468506,0.1694708
0.77015442,0.16315122
0.64643359,0.16023926
0.54310226,0.15785089
0.62101138,0.16208486
0.7268275,0.16523267
0.86390185,0.16922735
1.0517418,0.17897755
1.1759976,0.1799169
1.3107176,0.17789152
1.4759921,0.17022932
1.639065,0.15941817
1.8194467,0.14849079
1.9542255,0.14055528
2.0032539,0.13749518
1.9849734,0.13835843
1.8292992,0.14772996
1.6109619,0.16036744
1.502565,0.1673971
1.2594608,0.16769087
1.1869116,0.16561262
1.1106799,0.16415659
1.0629421,0.16369754
1.055747,0.16420399
1.015151,0.16334519
0.95202357,0.16184354
0.92641246,0.16192883
0.90614843,0.16061245
0.8039909,0.1565102
0.70429593,0.15411989
0.60404211,0.15343244
0.52000278,0.15139893
0.58429486,0.15306473
0.69063717,0.15528318
0.76842892,0.15688093
0.84001887,0.15781426
0.97622347,0.16223671
1.0953994,0.16649348
1.2239213,0.16847047
1.3967565,0.17357141
1.5793937,0.16204561
1.7625105,0.14977212
1.8742853,0.1430887
2.020323,0.13468267
2.2276068,0.12435562
2.5801733,0.10935492
2.8234451,0.10095719
2.9977355,0.095664442
3.2260685,0.089253835
3.1889291,0.090625249
3.2952285,0.087559626
3.6265378,0.0801064
3.8430438,0.075793102
3.9177706,0.07458438
4.1021514,0.071465373
4.4116096,0.066697642
4.582787,0.064377904
4.7307191,0.062390108
4.8340106,0.061238471
4.9125071,0.060171608
4.9578967,0.059638258
4.9704542,0.059477516
5.0723305,0.058318358
5.1346102,0.057491262
4.9974551,0.059195392
4.5809865,0.064332642
3.9759002,0.073473521
3.7916949,0.076803386
3.6717968,0.07915584
3.6887684,0.07878308
3.8831019,0.075039856
4.0605273,0.071961433
4.0869794,0.071465984
4.2055974,0.069807671
3.8376338,0.07612396
4.2516322,0.068920195
4.913372,0.059919532
4.7326341,0.062242873
4.4134436,0.066570625
4.0131073,0.072920211
4.0781593,0.071903609
4.1780291,0.070178449
3.9824619,0.073699169
3.8854277,0.075349599
3.8899195,0.075206585
3.6218879,0.080469459
3.1849566,0.090672895
3.1254416,0.092180714
2.8824201,0.099137165
2.5152385,0.1117112
1.9226842,0.13786002
1.6656047,0.1519071
1.4052535,0.16486202
1.2947273,0.16918167
1.2620152,0.17093629
1.2996352,0.1709381
1.4233698,0.16813003
1.4727765,0.16766965
1.5484118,0.16240621
1.7035732,0.15377125
1.9792289,0.13725734
2.2491376,0.12392957
2.5361061,0.11180875
2.8845487,0.099580221
3.1241798,0.092667498
3.3332813,0.087185338
3.4762113,0.084027708
3.6352861,0.08036463
3.6738672,0.079500578
3.5511713,0.08205653
3.4320087,0.084608592
3.5206106,0.082515098
3.6333501,0.080209643
3.4042172,0.085156411
3.1333721,0.092016079
2.7371573,0.10397417
2.1152937,0.12975696
1.7469531,0.15086022
1.451452,0.16504781
1.2763727,0.16783316
1.3682015,0.16727567
1.602827,0.1605553
1.719329,0.15299959
1.8168173,0.14718156
2.0083504,0.1358936
2.1454005,0.1290523
2.3220212,0.12098964
2.7228596,0.10495604
3.1369452,0.092362285
3.3730314,0.086229146
3.7776675,0.077587716
4.2656593,0.06892442
4.4528513,0.066082045
4.3634062,0.067378126
4.4206867,0.06649638
4.4746571,0.065653883
4.3946037,0.066866726
4.2248449,0.069345988
3.9561181,0.073845491
3.7151957,0.078407049
3.4769881,0.083350711
3.29423,0.087632678
3.2785075,0.088022433
3.2967603,0.087644838
3.4458754,0.083943315
3.3839679,0.085643314
3.2797625,0.087997258
3.5105455,0.082797103
3.901983,0.074931197
4.1091886,0.071397401
3.9389403,0.074314021
4.0859761,0.071841225
4.2601256,0.069117375
4.2047701,0.069935516
4.2913218,0.068681344
4.0776396,0.072028838
3.7243428,0.078517124
3.4575241,0.084137551
3.0726166,0.093914665
2.760987,0.10359189
2.5339913,0.11186688
2.1678052,0.12767075
1.9931506,0.13700788
1.8638266,0.14469472
1.7035097,0.15481731
1.6260778,0.15971698
1.5233774,0.16658822
1.1407125,0.16700827
1.0624275,0.16450682
0.91961098,0.16042542
0.75831962,0.1569258
0.73049885,0.15771309
0.71687555,0.15680243
0.65160847,0.15384032
0.70649385,0.15779422
0.90864182,0.16445629
1.1571953,0.17232874
1.5362772,0.1687199
1.8164215,0.14998157
2.1987464,0.12749738
2.8138261,0.10198022
3.2587481,0.088925421
3.5728939,0.081345454
4.4281011,0.066194944
4.9696493,0.059354171
4.8788834,0.060493544
4.7460103,0.062139496
4.6291599,0.063648708
4.2864828,0.068387017
4.2720094,0.068525411
4.1330843,0.070823438
4.0235491,0.072710879
4.1945219,0.069825083
4.3158932,0.06824252
4.204484,0.069763899
4.2456908,0.069158107
4.3355498,0.067691423
4.1784434,0.07025519
4.2464118,0.069113024
4.6043329,0.064003095
4.6567874,0.06337443
4.4134998,0.066716872
4.3363237,0.067991592
4.4849162,0.065707445
4.4055252,0.066834405
4.2989483,0.068468928
4.3115058,0.068192333
4.2393103,0.069145516
4.0578675,0.072197661
3.5315177,0.082209356
2.7410343,0.10346916
3.0492356,0.094357818
2.8866162,0.099271365
2.4178059,0.11624726
2.5483391,0.11122321
2.5971515,0.10959755
2.473119,0.11419118
2.2771242,0.12282234
2.0698407,0.13221835
2.0255806,0.13492057
2.1299686,0.12958097
2.3925273,0.11752176
2.69835,0.1060243
2.9317825,0.098297141
3.1713243,0.091510661
3.4860728,0.083725877
3.8321683,0.076647997
3.7438817,0.078197315
3.4826996,0.083773203
3.6762516,0.079487525
3.7607677,0.077671461
3.7943275,0.07678201
3.5323026,0.082400709
3.1185639,0.092558458
2.7609699,0.10317148
2.5176351,0.11225218
2.1048524,0.13096362
1.6291176,0.15683958
1.415696,0.16912377
1.5688179,0.1616769
1.7418928,0.15146497
1.7929747,0.14832728
1.8235705,0.14599575
1.8900694,0.14256118
2.0368791,0.13412248
2.1677783,0.12798484
2.3782291,0.1184006
2.7395155,0.10429185
3.005048,0.09598539
3.0810258,0.093693003
3.199048,0.090788811
3.203773,0.090497099
3.2187824,0.090030618
3.2703571,0.088602379
3.5096798,0.082776874
3.7884209,0.076948404
3.6952338,0.0788671
3.3992918,0.085376903
3.1828454,0.090680204
2.9044044,0.098761819
2.5567274,0.11111997
2.3514137,0.11934888
1.9815224,0.13754812
1.768165,0.15045096
1.7023422,0.15440206
1.6002151,0.16167603
1.4692727,0.16924119
1.4267828,0.1736484
1.4564726,0.17151192
1.496187,0.1696375
1.5496451,0.1668805
1.6252224,0.16225527
1.7140865,0.15607235
1.938054,0.14242207
2.3067114,0.1229099
2.6169944,0.10926041
2.9937305,0.096384257
2.9724984,0.096911207
2.7561066,0.10353742
2.698627,0.10526134
2.8502119,0.10043211
3.1142151,0.092488274
3.0966737,0.092962958
3.0489078,0.09436287
2.9412048,0.097458377
2.797456,0.10207597
2.8093879,0.10194091
3.0429187,0.094718046
3.4458377,0.084107906
3.5238895,0.082648478
3.3819745,0.085734911
3.541409,0.082115673
3.7398889,0.077987835
3.8172653,0.07670401
4.2040977,0.0698824
4.6884613,0.062843837
4.9968243,0.059269182
5.2969851,0.055962872
5.6578784,0.052568208
5.7990065,0.051210597
5.7755623,0.051389609
5.7699738,0.051459961
5.835362,0.050899506
5.8770633,0.050517228
5.8823547,0.050503526
5.6486053,0.052493412
5.3931146,0.05499677
5.1035109,0.058059327
4.8812819,0.060467217
4.8300805,0.061032936
4.7279696,0.062331527
5.2398148,0.056450263
5.7146082,0.051889483
5.8036098,0.051247582
5.7955809,0.051258426
5.740509,0.051756904
5.8402572,0.05089571
6.0790958,0.048953492
6.3691506,0.046767756
6.5448356,0.045575503
6.7375565,0.044275153
7.0890985,0.042099312
7.3859963,0.040536817
7.7343216,0.038634714
7.9736323,0.037482467
8.2119722,0.036426861
8.5136709,0.035166971
8.7896252,0.034082804
8.5997868,0.034837537
7.6268525,0.039217029
6.6992397,0.044522434
6.1120348,0.048734225
5.8122497,0.051107336
5.2539573,0.056284197
4.8259587,0.061091635
5.112534,0.057858091
5.7863717,0.051318023
6.5457597,0.045629449
7.0477877,0.042397756
7.4976196,0.039880414
7.8713956,0.038019348
8.1318016,0.036834322
8.5168333,0.035171684
9.0994892,0.032927442
8.9242373,0.033576339
8.4628153,0.035403468
8.1498938,0.036766518
7.7924461,0.038391314
7.5366192,0.039653175
7.2645669,0.041112646
6.6816049,0.044634972
6.1882973,0.048045505
5.9597321,0.049866542
5.6594162,0.052458767
5.202034,0.056940604
4.6198521,0.063860394
4.1668348,0.070347652
3.7632408,0.077456243
3.3055427,0.087570496
3.1279869,0.092307821
3.2724757,0.088325486
3.1834557,0.091077358
2.9084375,0.098463856
2.7531607,0.10380854
2.7510142,0.10377204
2.8076439,0.1021475
2.9032955,0.099105649
3.0580068,0.094532758
3.4297054,0.084913522
3.7374234,0.078228898
3.6205225,0.080858029
3.5220575,0.082902022
3.347661,0.08695098
3.0641897,0.094535813
2.9122787,0.098770015
2.9319344,0.097737961
3.0005217,0.095840447
2.8539181,0.10028726
2.5180807,0.1122205
1.9569148,0.13867305
1.7549963,0.15145008
1.8252038,0.14718908
1.8480688,0.14617676
1.8187187,0.14841472
1.8673455,0.14534481
1.8167523,0.14818405
1.6916783,0.15533622
1.6831294,0.15631825
1.7741052,0.15053473
1.8791223,0.1442156
2.0483992,0.13519958
2.3466852,0.1202288
2.4012723,0.11775686
2.3719404,0.11934756
2.454221,0.11586818
2.6658161,0.10715329
2.6757696,0.10680961
2.5366998,0.11220963
2.4454343,0.11540537
2.3798556,0.11789159
2.7363033,0.10426684
3.0769389,0.093243979
3.1402521,0.091420606
3.4838719,0.083095625
3.6871397,0.078858189
3.5270002,0.08224944
3.3996129,0.085113063
3.5156741,0.082606703
3.6400421,0.079879947
3.6788368,0.079387009
3.6618659,0.079667486
3.6633496,0.079580002
3.8303723,0.076169923
3.9461653,0.074213587
4.0557108,0.072252899
4.2849531,0.068537906
4.3704576,0.067406721
4.4743075,0.065853931
4.8152318,0.061504126
5.1338735,0.057703387
5.1499414,0.057518806
5.0291038,0.058893796
5.0071845,0.059100073
5.1349554,0.057601653
5.0536017,0.058574345
4.4562454,0.066077724
4.014111,0.072883062
4.0717192,0.071904503
3.7465553,0.077722564
3.4204524,0.084395483
3.1691229,0.090597339
2.9361985,0.09745869
2.9716227,0.096392676
2.9270625,0.098082937
2.9051826,0.098656341
2.8451169,0.10058994
2.8866694,0.099218898
3.3046975,0.087570935
3.484726,0.083371021
3.5725279,0.081432216
3.5253642,0.082619861
3.506706,0.082970619
3.51208,0.083099186
3.5501697,0.08211311
3.7292333,0.07828439
3.6548471,0.079767935
3.5920877,0.080992825
3.6232626,0.080217473
3.4232237,0.084580183
2.7900047,0.10104018
2.1993432,0.12352433
1.6915171,0.14783332
1.2575518,0.16706625
1.0993085,0.16580535
0.96458513,0.16473252
0.87348133,0.16489242
0.96441591,0.16829176
1.2250416,0.17605044
1.3088759,0.17603333
1.4552674,0.17056055
1.7009025,0.15496679
1.9839677,0.13821352
2.265296,0.12389297
2.6663895,0.10711602
3.1685946,0.091649249
3.518564,0.083012715
3.7115247,0.079099976
3.9424541,0.074526094
4.2301869,0.069584124
4.2509384,0.069237366
4.0857515,0.071844339
4.2780299,0.068661764
4.0376186,0.072638348
3.300499,0.087696232
2.5284309,0.11117302
1.8867464,0.14126806
1.4842815,0.16400869
1.1061003,0.16821085
0.94756049,0.16609925
0.96404815,0.16581425
1.0030544,0.16614348
1.0501248,0.1672048
1.0596892,0.16759373
1.2590246,0.17156489
1.6975563,0.15464185
2.3186007,0.12043905
2.5748711,0.11031228
2.809675,0.10199481
2.9859812,0.096522637
2.6351361,0.10851198
2.7646666,0.10398258
3.005837,0.095975444
3.1875155,0.090880699
3.5118537,0.082763836
3.288471,0.087985612
3.201669,0.090237975
3.5063484,0.08271081
3.0580366,0.093383536
2.399229,0.11492381
1.9666237,0.13495164
1.7302423,0.14751706
1.6744993,0.14911169
1.4510063,0.16121286
1.3284973,0.1699772
1.4360464,0.16788557
1.7265428,0.15248767
1.9597813,0.13818283
2.298955,0.12131773
2.6470878,0.10706277
2.823468,0.10118198
3.1512532,0.091687143
3.7877712,0.077232569
4.286396,0.068769708
4.3039179,0.068426244
4.1768665,0.070557922
4.0978365,0.071722209
4.2102132,0.069850668
4.203928,0.069952935
3.9578052,0.073999397
3.8080437,0.076587453
3.5421357,0.082036465
2.7426779,0.10309427
1.8906033,0.13830495
1.5277179,0.1594328
1.4423875,0.16569635
1.2878581,0.17050011
1.2297853,0.17227727
1.269732,0.17235012
1.4603015,0.16632715
1.5797141,0.16170396
1.7966725,0.14729568
2.139715,0.12913366
2.4828627,0.11346529
2.862042,0.10012089
3.3452218,0.086656831
4.0269303,0.072788529
4.6049485,0.064107932
4.8350282,0.06114715
4.9009423,0.060491271
4.993588,0.059288096
5.0416183,0.058713499
5.1555824,0.057478238
5.1523352,0.057484679
5.0370955,0.058627758
5.1031585,0.057999261
5.188899,0.05706428
5.0685496,0.058349077
4.7004604,0.062824741
4.4005852,0.066859461
4.3131151,0.068044193
4.3066974,0.068134993
4.5299244,0.064956643
4.7905483,0.061496243
4.5396376,0.064955629
4.3092313,0.068166256
4.2449794,0.069124147
4.1990609,0.069804691
4.1640172,0.070473358
4.161984,0.070556164
4.2697344,0.068879634
4.4076276,0.066877812
4.5200157,0.065212995
4.3126044,0.068334065
4.0868835,0.071811475
4.1126347,0.071429931
4.1099873,0.071419455
3.7391114,0.078075729
3.5030184,0.082800224
3.393199,0.085557237
3.0526824,0.094338521
2.8917959,0.099012814
2.9488769,0.0975032
2.7714651,0.10338492
2.4971128,0.11328302
2.4000444,0.11763021
2.3345094,0.12056661
2.2809901,0.12267845
2.054455,0.13403153
1.8505756,0.14551781
1.71759,0.15509932
1.8944277,0.14390193
2.322499,0.12132466
2.4409573,0.11618441
2.5546384,0.11137072
2.8558204,0.10065232
3.3532453,0.086454503
3.5635157,0.081834026
3.4149296,0.085121542
3.6361372,0.080185086
3.6465902,0.079893127
3.4191592,0.084802516
3.3719771,0.085859083
3.2024052,0.090150863
3.0778577,0.093582489
3.0329967,0.094773673
2.9120653,0.098543972
2.868963,0.10010093
3.126265,0.092233911
3.0527871,0.094204344
3.199024,0.090523005
3.7474239,0.07781975
3.9692681,0.073864616
4.041182,0.072522484
4.1346292,0.070975564
4.1568871,0.070578873
4.1505728,0.070775144
4.2513237,0.069219865
4.3055916,0.068333991
4.1706414,0.070585296
4.153532,0.070774548
4.0713043,0.072315991
3.9786959,0.073784694
4.2695894,0.068909228
4.5603333,0.064672656
4.3936172,0.066969775
4.1747856,0.070240989
3.9774044,0.073643707
3.3939338,0.085239649
2.8582447,0.099267468
2.4597845,0.11276372
1.871461,0.13909143
1.5295069,0.15998417
1.1322418,0.16794813
1.2265701,0.16792879
1.4692081,0.16418126
1.66713,0.15618318
1.8816806,0.14277492
2.1107278,0.13047002
2.4237549,0.11604027
2.6068029,0.10910467
2.7463987,0.10419507
2.8634341,0.1001726
2.8287091,0.10164577
2.8894529,0.099693894
3.029896,0.095640771
3.2168787,0.090232678
3.5424895,0.082273491
3.9417245,0.074315205
4.2470498,0.069178306
4.4390306,0.066243939
4.2842207,0.068628989
3.5024257,0.082871012
2.5780768,0.1084182
1.8817407,0.1387714
1.4439089,0.16085654
1.1756467,0.17037806
1.033631,0.17318639
1.0794461,0.17403603
1.4074664,0.16596846
1.8801796,0.14281228
2.118813,0.12926599
2.244556,0.12369927
2.4910133,0.11322752
2.7158263,0.1050231
2.7421787,0.10430887
2.8986783,0.099278398
3.1427121,0.092239052
3.1255558,0.092683204
3.1738005,0.091551907
3.3976626,0.085709676
3.3781762,0.08610636
3.2065349,0.090300828
3.0982931,0.093112126
3.1555631,0.091559626
2.9402032,0.097453743
2.260205,0.12213141
1.8909273,0.14109135
1.6127592,0.15701245
1.3030298,0.16914724
1.2743347,0.16984826
1.393088,0.17059691
1.4755042,0.16766939
1.7277976,0.15231438
1.8667006,0.14413524
1.8391315,0.14511512
1.9346999,0.14049065
2.063684,0.13331476
2.2289734,0.12542056
2.388025,0.11849821
2.6483202,0.10802437
2.8856781,0.099940442
3.1233268,0.092786431
3.4127676,0.085429057
3.6846056,0.079263911
4.0799179,0.071875736
4.2721395,0.068733156
4.041677,0.072429284
4.0779648,0.071687281
4.125433,0.07098756
4.3333802,0.067753874
4.8219357,0.061149135
4.7511253,0.062074497
4.2025542,0.069671407
3.9600089,0.073450796
3.4697125,0.082923166
3.230001,0.088958703
3.391463,0.08520437
3.8140991,0.076838396
4.1285949,0.071003921
4.4632187,0.065984011
5.0718603,0.058339179
5.556911,0.053439829
5.7689042,0.051492982
6.1775036,0.048200961
6.4199858,0.046444986
6.2348194,0.047765151
5.9985805,0.049730662
5.8713417,0.050679572
5.8618655,0.050734639
5.8081298,0.051196478
5.4767365,0.054210588
5.2448435,0.056458555
5.1406441,0.057645444
4.6367474,0.063669316
4.0141158,0.072968252
3.419457,0.084270015
3.1788383,0.090103813
3.4893577,0.082930498
3.7130847,0.078388833
3.9894769,0.073406599
4.2454972,0.069097809
4.2483149,0.069295697
4.4445739,0.066212118
4.8698072,0.060611527
5.2470894,0.056412175
5.3307552,0.055631287
5.6693172,0.052370369
5.9920406,0.049654268
6.0006266,0.049647726
6.0691757,0.049039494
6.2816978,0.047506817
6.473155,0.046016157
6.602881,0.045128006
6.4529915,0.046145029
6.369864,0.046721295
6.2139187,0.047771811
6.1273966,0.048548196
6.2939072,0.047256507
6.1092663,0.048650242
5.8776855,0.050549462
5.4342618,0.054553457
4.8133464,0.061290361
4.2072372,0.069559246
4.1829305,0.070017755
4.7800093,0.061649624
5.4879994,0.054164164
5.8081112,0.051216286
6.4086137,0.046474572
7.0730753,0.042197824
7.2614832,0.04113907
7.3481855,0.040650953
7.8938293,0.03789743
8.2252083,0.03640385
8.4211893,0.035564005
8.9692888,0.033407688
8.9558983,0.033457641
9.3646193,0.031997375
9.7714787,0.030665085
9.8786774,0.030331001
9.9299068,0.030151857
9.5025091,0.031532582
7.6709714,0.03900468
5.4082994,0.054884233
4.1281161,0.070723906
3.5442257,0.081024468
3.1529984,0.089836359
2.8384101,0.098823316
3.0085676,0.094810531
3.7824373,0.07692872
4.2860899,0.068655103
4.498035,0.065526441
4.7524371,0.062195934
4.9316506,0.059999455
5.004209,0.059201341
5.2280054,0.0567692
5.5513396,0.053517986
5.9314861,0.050227463
6.1409464,0.048479062
5.6835527,0.05242433
5.1511564,0.057570267
5.0368176,0.058793031
4.8197265,0.061339553
4.5142221,0.06526079
4.4452448,0.066141143
4.391715,0.066977061
4.2785368,0.06860289
4.2208123,0.069506839
3.9815238,0.073516786
3.6448014,0.079905547
3.4558041,0.084011085
3.2039688,0.090340026
3.1222374,0.09258344
3.0987442,0.09296754
2.9296641,0.098242216
2.7623885,0.10342322
2.724786,0.10479013
2.7730398,0.10319665
2.7408676,0.10455491
2.7104223,0.1057222
2.6855097,0.10643341
2.6581869,0.10769689
2.6457651,0.10826976
2.6519377,0.10837898
2.7194202,0.10572861
2.8072069,0.10261553
2.8514581,0.10104237
2.658289,0.10735986
2.445884,0.11555191
2.4895232,0.11381018
2.495698,0.11358323
2.3966191,0.11781079
2.2817593,0.12309124
2.0021253,0.13730031
1.8206787,0.14789917
1.7154694,0.15487117
1.6739885,0.1576778
1.6689508,0.15772617
1.5833777,0.16352218
1.5005765,0.16770327
1.482568,0.1701149
1.501318,0.16873887
1.5627753,0.16573136
1.6382322,0.16134433
1.7909038,0.15160157
1.9622312,0.14114764
2.0234246,0.13790709
2.0494418,0.1366609
2.0401027,0.13682778
2.1099741,0.13290545
2.1182301,0.13197719
2.0142415,0.13673137
1.952577,0.14020209
1.9928647,0.13818264
1.9497136,0.14033051
1.8960104,0.14353301
1.8830853,0.14465863
1.8650938,0.14596674
1.9134674,0.14278699
1.9625778,0.14004214
1.9416879,0.14141436
1.9251879,0.14200664
1.8717139,0.14530498
1.7659761,0.1513129
1.7413874,0.15352097
1.7448286,0.15275411
1.777988,0.15122582
1.9740971,0.13967761
2.2225389,0.1265744
