{
  "residential_simulation_controls": {
    "timesteps_per_hr": 6,
    "begin_month": 1,
    "begin_day_of_month": 1,
    "end_month": 12,
    "end_day_of_month": 31,
    "calendar_year": 2018,
    "applicable": true
  },
  "build_existing_model": {
    "building_id": 958,
    "workflow_json": "measure-info.json",
    "number_of_buildings_represented": 1600,
    "sample_weight": 0.0,
    "location_region": "CR04",
    "location": "IL_Chicago-OHare.Intl.AP.725300",
    "location_weather_filename": "USA_IL_Chicago-OHare.Intl.AP.725300_TMY3.epw",
    "location_weather_year": "TMY3",
    "vintage": "1960s",
    "heating_fuel": "Electricity",
    "usage_level": "Medium",
    "geometry_attic_type": "Finished Attic or Cathedral Ceilings",
    "geometry_building_type_recs": "Single-Family Detached",
    "geometry_number_units": "1",
    "geometry_foundation_type": "Slab",
    "geometry_wall_type": "WoodStud",
    "geometry_stories": "2+",
    "geometry_garage": "None",
    "geometry_house_size": "0-1499",
    "bedrooms": "3",
    "corridor": "None",
    "occupants": "5",
    "orientation": "North",
    "eaves": "2 ft",
    "door_area": "20 ft^2",
    "window_areas": "F15 B15 L15 R15",
    "overhangs": "None",
    "neighbors": "Left/Right at 15ft",
    "insulation_unfinished_attic": "Ceiling R-38, Vented",
    "insulation_finished_roof": "None",
    "radiant_barrier_unfinished_attic": "None",
    "roof_material": "Asphalt Shingles, Medium",
    "insulation_slab": "Uninsulated",
    "insulation_crawlspace": "None",
    "insulation_unfinished_basement": "None",
    "insulation_finished_basement": "None",
    "insulation_pier_beam": "None",
    "insulation_interzonal_floor": "Uninsulated",
    "insulation_wall": "Wood Stud, Uninsulated",
    "interior_shading": "Summer = 0.7, Winter = 0.7",
    "windows": "Clear, Double, Metal, Air",
    "doors": "Fiberglass",
    "water_heater": "Electric Standard",
    "hot_water_fixtures": "100% Usage",
    "hot_water_distribution": "Uninsulated, TrunkBranch, Copper",
    "solar_hot_water": "None",
    "hvac_system_is_heat_pump": "No",
    "hvac_system_heat_pump": "None",
    "hvac_system_heating_electricity": "Electric Baseboard",
    "hvac_system_heating_natural_gas": "None",
    "hvac_system_heating_propane": "None",
    "hvac_system_heating_fuel_oil": "None",
    "hvac_system_heating_other_fuel": "None",
    "hvac_system_heating_none": "None",
    "hvac_system_cooling": "None",
    "hvac_system_cooling_type": "None",
    "heating_setpoint": "68F",
    "cooling_setpoint": "73F",
    "heating_setpoint_has_offset": "Yes",
    "cooling_setpoint_has_offset": "Yes",
    "heating_setpoint_offset_magnitude": "6F",
    "cooling_setpoint_offset_magnitude": "2F",
    "cooling_setpoint_offset_period": "Day and Night Setup",
    "heating_setpoint_offset_period": "Day",
    "ceiling_fan": "National Average",
    "dehumidifier": "None",
    "refrigerator": "EF 15.9",
    "refrigeration_schedule": "National Average",
    "cooking_range": "Electric, 100% Usage",
    "cooking_range_schedule": "National Average",
    "dishwasher": "290 Rated kWh, 100% Usage",
    "clothes_washer_presence": "Yes",
    "clothes_washer": "EnergyStar, 100% Usage",
    "clothes_dryer": "Electric, 100% Usage",
    "lighting": "100% CFL",
    "lighting_interior_use": "100% Usage",
    "lighting_other_use": "100% Usage",
    "holiday_lighting": "No Exterior Use",
    "plug_loads": "100%",
    "plug_loads_schedule": "National Average",
    "electric_vehicle": "None",
    "misc_extra_refrigerator": "None",
    "misc_freezer": "None",
    "misc_gas_fireplace": "None",
    "misc_gas_grill": "None",
    "misc_gas_lighting": "None",
    "misc_hot_tub_spa": "None",
    "misc_pool": "None",
    "misc_pool_heater": "None",
    "misc_pool_pump": "None",
    "misc_pool_schedule": "National Average",
    "misc_well_pump": "None",
    "ducts": "20% Leakage, R-4",
    "infiltration": "15 ACH50",
    "natural_ventilation": "Year-Round, 3 days/wk",
    "mechanical_ventilation": "None",
    "bathroom_spot_vent_hour": "Hour16",
    "range_spot_vent_hour": "Hour14",
    "pv": "None",
    "days_shifted": "Day49",
    "location_city": "Chicago Ohare Intl Ap",
    "location_state": "IL",
    "location_latitude": "41.98",
    "location_longitude": "-87.92",
    "climate_zone_ba": "Cold",
    "climate_zone_iecc": "5A",
    "units_represented": "1",
    "units_modeled": "1",
    "weight": "0.0",
    "applicable": true
  },
  "building_characteristics_report": {
    "workflow_json": "measure-info.json",
    "location_region": "CR04",
    "location": "IL_Chicago-OHare.Intl.AP.725300",
    "location_weather_filename": "USA_IL_Chicago-OHare.Intl.AP.725300_TMY3.epw",
    "location_weather_year": "TMY3",
    "vintage": "1960s",
    "heating_fuel": "Electricity",
    "usage_level": "Medium",
    "geometry_attic_type": "Finished Attic or Cathedral Ceilings",
    "geometry_building_type_recs": "Single-Family Detached",
    "geometry_number_units": "1",
    "geometry_foundation_type": "Slab",
    "geometry_wall_type": "WoodStud",
    "geometry_stories": "2+",
    "geometry_garage": "None",
    "geometry_house_size": "0-1499",
    "bedrooms": "3",
    "corridor": "None",
    "occupants": "5",
    "orientation": "North",
    "eaves": "2 ft",
    "door_area": "20 ft^2",
    "window_areas": "F15 B15 L15 R15",
    "overhangs": "None",
    "neighbors": "Left/Right at 15ft",
    "insulation_unfinished_attic": "Ceiling R-38, Vented",
    "insulation_finished_roof": "None",
    "radiant_barrier_unfinished_attic": "None",
    "roof_material": "Asphalt Shingles, Medium",
    "insulation_slab": "Uninsulated",
    "insulation_crawlspace": "None",
    "insulation_unfinished_basement": "None",
    "insulation_finished_basement": "None",
    "insulation_pier_beam": "None",
    "insulation_interzonal_floor": "Uninsulated",
    "insulation_wall": "Wood Stud, Uninsulated",
    "interior_shading": "Summer = 0.7, Winter = 0.7",
    "windows": "Clear, Double, Metal, Air",
    "doors": "Fiberglass",
    "water_heater": "Electric Standard",
    "hot_water_fixtures": "100% Usage",
    "hot_water_distribution": "Uninsulated, TrunkBranch, Copper",
    "solar_hot_water": "None",
    "hvac_system_is_heat_pump": "No",
    "hvac_system_heat_pump": "None",
    "hvac_system_heating_electricity": "Electric Baseboard",
    "hvac_system_heating_natural_gas": "None",
    "hvac_system_heating_propane": "None",
    "hvac_system_heating_fuel_oil": "None",
    "hvac_system_heating_other_fuel": "None",
    "hvac_system_heating_none": "None",
    "hvac_system_cooling": "None",
    "hvac_system_cooling_type": "None",
    "heating_setpoint": "68F",
    "cooling_setpoint": "73F",
    "heating_setpoint_has_offset": "Yes",
    "cooling_setpoint_has_offset": "Yes",
    "heating_setpoint_offset_magnitude": "6F",
    "cooling_setpoint_offset_magnitude": "2F",
    "cooling_setpoint_offset_period": "Day and Night Setup",
    "heating_setpoint_offset_period": "Day",
    "ceiling_fan": "National Average",
    "dehumidifier": "None",
    "refrigerator": "EF 15.9",
    "refrigeration_schedule": "National Average",
    "cooking_range": "Electric, 100% Usage",
    "cooking_range_schedule": "National Average",
    "dishwasher": "290 Rated kWh, 100% Usage",
    "clothes_washer_presence": "Yes",
    "clothes_washer": "EnergyStar, 100% Usage",
    "clothes_dryer": "Electric, 100% Usage",
    "lighting": "100% CFL",
    "lighting_interior_use": "100% Usage",
    "lighting_other_use": "100% Usage",
    "holiday_lighting": "No Exterior Use",
    "plug_loads": "100%",
    "plug_loads_schedule": "National Average",
    "electric_vehicle": "None",
    "misc_extra_refrigerator": "None",
    "misc_freezer": "None",
    "misc_gas_fireplace": "None",
    "misc_gas_grill": "None",
    "misc_gas_lighting": "None",
    "misc_hot_tub_spa": "None",
    "misc_pool": "None",
    "misc_pool_heater": "None",
    "misc_pool_pump": "None",
    "misc_pool_schedule": "National Average",
    "misc_well_pump": "None",
    "ducts": "20% Leakage, R-4",
    "infiltration": "15 ACH50",
    "natural_ventilation": "Year-Round, 3 days/wk",
    "mechanical_ventilation": "None",
    "bathroom_spot_vent_hour": "Hour16",
    "range_spot_vent_hour": "Hour14",
    "pv": "None",
    "days_shifted": "Day49",
    "location_city": "Chicago Ohare Intl Ap",
    "location_state": "IL",
    "location_latitude": "41.98",
    "location_longitude": "-87.92",
    "climate_zone_ba": "Cold",
    "climate_zone_iecc": "5A",
    "units_represented": "1",
    "units_modeled": "1",
    "weight": "0.0",
    "applicable": true
  },
  "simulation_output_report": {
    "include_enduse_subcategories": false,
    "total_site_electricity_kwh": 24230.925587129972,
    "net_site_electricity_kwh": 24230.925587129972,
    "electricity_heating_kwh": 15713.900475832988,
    "electricity_central_system_heating_kwh": 0.0,
    "electricity_cooling_kwh": 0.0,
    "electricity_central_system_cooling_kwh": 0.0,
    "electricity_interior_lighting_kwh": 561.5644540511804,
    "electricity_exterior_lighting_kwh": 92.95302036236845,
    "electricity_exterior_holiday_lighting_kwh": 0.0,
    "electricity_garage_lighting_kwh": 0.0,
    "electricity_interior_equipment_kwh": 4268.3408490484835,
    "electricity_fans_heating_kwh": 0.0,
    "electricity_fans_cooling_kwh": 0.0,
    "electricity_pumps_heating_kwh": 0.0,
    "electricity_central_system_pumps_heating_kwh": 0.0,
    "electricity_pumps_cooling_kwh": 0.0,
    "electricity_central_system_pumps_cooling_kwh": 0.0,
    "electricity_water_systems_kwh": 3594.1667878349494,
    "electricity_pv_kwh": 0.0,
    "total_site_natural_gas_therm": 0.0,
    "natural_gas_heating_therm": 0.0,
    "natural_gas_central_system_heating_therm": 0.0,
    "natural_gas_interior_equipment_therm": 0.0,
    "natural_gas_water_systems_therm": 0.0,
    "total_site_fuel_oil_mbtu": 0.0,
    "fuel_oil_heating_mbtu": 0.0,
    "fuel_oil_central_system_heating_mbtu": 0.0,
    "fuel_oil_water_systems_mbtu": 0.0,
    "total_site_propane_mbtu": 0.0,
    "propane_heating_mbtu": 0.0,
    "propane_central_system_heating_mbtu": 0.0,
    "propane_interior_equipment_mbtu": 0.0,
    "propane_water_systems_mbtu": 0.0,
    "total_site_wood_mbtu": 0.0,
    "wood_heating_mbtu": 0.0,
    "total_site_energy_mbtu": 82.67928386164421,
    "net_site_energy_mbtu": 82.67928386164421,
    "hours_heating_setpoint_not_met": 8.33,
    "hours_cooling_setpoint_not_met": 2621.67,
    "hvac_cooling_capacity_w": 0.0,
    "hvac_heating_capacity_w": 14537.1241307447,
    "hvac_heating_supp_capacity_w": 0.0,
    "weight": 0.0,
    "wall_area_above_grade_conditioned_ft_2": 1493.33,
    "wall_area_above_grade_exterior_ft_2": 1562.78,
    "wall_area_below_grade_ft_2": 0.0,
    "floor_area_conditioned_ft_2": 1000.0,
    "floor_area_attic_ft_2": 500.0,
    "floor_area_lighting_ft_2": 1000.0,
    "roof_area_ft_2": 559.02,
    "window_area_ft_2": 220.37,
    "door_area_ft_2": 20.0,
    "duct_surface_area_ft_2": 320.0,
    "size_heating_system_kbtu_h": 49.6,
    "size_cooling_system_kbtu_h": 0.0,
    "size_water_heater_gal": 40.0,
    "upgrade_name": "",
    "upgrade_cost_usd": "",
    "applicable": true
  },
  "timeseries_csv_export": {
    "reporting_frequency": "Hourly",
    "include_enduse_subcategories": false,
    "applicable": true
  },
  "server_directory_cleanup": {
    "applicable": true
  }
}