{
  "residential_simulation_controls": {
    "timesteps_per_hr": 6,
    "begin_month": 1,
    "begin_day_of_month": 1,
    "end_month": 12,
    "end_day_of_month": 31,
    "calendar_year": 2018,
    "applicable": true
  },
  "build_existing_model": {
    "building_id": 156,
    "workflow_json": "measure-info.json",
    "number_of_buildings_represented": 2800,
    "sample_weight": 0.0,
    "location_region": "CR09",
    "location": "FL_Orlando.Intl.AP.722050",
    "location_weather_filename": "USA_FL_Orlando.Intl.AP.722050_TMY3.epw",
    "location_weather_year": "TMY3",
    "vintage": "1980s",
    "heating_fuel": "Electricity",
    "usage_level": "Medium",
    "geometry_attic_type": "Unfinished Attic",
    "geometry_building_type_recs": "Single-Family Detached",
    "geometry_number_units": "1",
    "geometry_foundation_type": "Slab",
    "geometry_wall_type": "Masonry",
    "geometry_stories": "1",
    "geometry_garage": "2 Car",
    "geometry_house_size": "2500-3499",
    "bedrooms": "4",
    "corridor": "None",
    "occupants": "2",
    "orientation": "East",
    "eaves": "2 ft",
    "door_area": "20 ft^2",
    "window_areas": "F15 B15 L15 R15",
    "overhangs": "None",
    "neighbors": "Left/Right at 15ft",
    "insulation_unfinished_attic": "Ceiling R-7, Vented",
    "insulation_finished_roof": "None",
    "radiant_barrier_unfinished_attic": "None",
    "roof_material": "Asphalt Shingles, Medium",
    "insulation_slab": "Uninsulated",
    "insulation_crawlspace": "None",
    "insulation_unfinished_basement": "None",
    "insulation_finished_basement": "None",
    "insulation_pier_beam": "None",
    "insulation_interzonal_floor": "Uninsulated",
    "insulation_wall": "CMU, 6-in Hollow, R-11",
    "interior_shading": "Summer = 0.7, Winter = 0.7",
    "windows": "Low-E, Double, Non-metal, Air, L-Gain",
    "doors": "Fiberglass",
    "water_heater": "Electric Standard",
    "hot_water_fixtures": "100% Usage",
    "hot_water_distribution": "Uninsulated, TrunkBranch, Copper",
    "solar_hot_water": "None",
    "hvac_system_is_heat_pump": "No",
    "hvac_system_heat_pump": "None",
    "hvac_system_heating_electricity": "Electric Baseboard",
    "hvac_system_heating_natural_gas": "None",
    "hvac_system_heating_propane": "None",
    "hvac_system_heating_fuel_oil": "None",
    "hvac_system_heating_other_fuel": "None",
    "hvac_system_heating_none": "None",
    "hvac_system_cooling": "AC, SEER 8",
    "hvac_system_cooling_type": "Central",
    "heating_setpoint": "70F",
    "cooling_setpoint": "75F",
    "heating_setpoint_has_offset": "No",
    "cooling_setpoint_has_offset": "Yes",
    "heating_setpoint_offset_magnitude": "0F",
    "cooling_setpoint_offset_magnitude": "5F",
    "cooling_setpoint_offset_period": "Day Setup",
    "heating_setpoint_offset_period": "None",
    "ceiling_fan": "National Average",
    "dehumidifier": "None",
    "refrigerator": "EF 15.9",
    "refrigeration_schedule": "National Average",
    "cooking_range": "Electric, 100% Usage",
    "cooking_range_schedule": "National Average",
    "dishwasher": "290 Rated kWh, 100% Usage",
    "clothes_washer_presence": "Yes",
    "clothes_washer": "EnergyStar, 100% Usage",
    "clothes_dryer": "None",
    "lighting": "100% CFL",
    "lighting_interior_use": "100% Usage",
    "lighting_other_use": "100% Usage",
    "holiday_lighting": "No Exterior Use",
    "plug_loads": "100%",
    "plug_loads_schedule": "National Average",
    "electric_vehicle": "None",
    "misc_extra_refrigerator": "None",
    "misc_freezer": "EF 12, Average Installed",
    "misc_gas_fireplace": "None",
    "misc_gas_grill": "None",
    "misc_gas_lighting": "None",
    "misc_hot_tub_spa": "None",
    "misc_pool": "Has Pool",
    "misc_pool_heater": "Electric",
    "misc_pool_pump": "1.0 HP Pump",
    "misc_pool_schedule": "National Average",
    "misc_well_pump": "Typical Efficiency",
    "ducts": "20% Leakage, R-4",
    "infiltration": "10 ACH50",
    "natural_ventilation": "Year-Round, 3 days/wk",
    "mechanical_ventilation": "None",
    "bathroom_spot_vent_hour": "Hour1",
    "range_spot_vent_hour": "Hour10",
    "pv": "None",
    "days_shifted": "Day255",
    "location_city": "Orlando Intl Arpt",
    "location_state": "FL",
    "location_latitude": "28.43",
    "location_longitude": "-81.33",
    "climate_zone_ba": "Hot-Humid",
    "climate_zone_iecc": "2A",
    "units_represented": "1",
    "units_modeled": "1",
    "weight": "0.0",
    "applicable": true
  },
  "building_characteristics_report": {
    "workflow_json": "measure-info.json",
    "location_region": "CR09",
    "location": "FL_Orlando.Intl.AP.722050",
    "location_weather_filename": "USA_FL_Orlando.Intl.AP.722050_TMY3.epw",
    "location_weather_year": "TMY3",
    "vintage": "1980s",
    "heating_fuel": "Electricity",
    "usage_level": "Medium",
    "geometry_attic_type": "Unfinished Attic",
    "geometry_building_type_recs": "Single-Family Detached",
    "geometry_number_units": "1",
    "geometry_foundation_type": "Slab",
    "geometry_wall_type": "Masonry",
    "geometry_stories": "1",
    "geometry_garage": "2 Car",
    "geometry_house_size": "2500-3499",
    "bedrooms": "4",
    "corridor": "None",
    "occupants": "2",
    "orientation": "East",
    "eaves": "2 ft",
    "door_area": "20 ft^2",
    "window_areas": "F15 B15 L15 R15",
    "overhangs": "None",
    "neighbors": "Left/Right at 15ft",
    "insulation_unfinished_attic": "Ceiling R-7, Vented",
    "insulation_finished_roof": "None",
    "radiant_barrier_unfinished_attic": "None",
    "roof_material": "Asphalt Shingles, Medium",
    "insulation_slab": "Uninsulated",
    "insulation_crawlspace": "None",
    "insulation_unfinished_basement": "None",
    "insulation_finished_basement": "None",
    "insulation_pier_beam": "None",
    "insulation_interzonal_floor": "Uninsulated",
    "insulation_wall": "CMU, 6-in Hollow, R-11",
    "interior_shading": "Summer = 0.7, Winter = 0.7",
    "windows": "Low-E, Double, Non-metal, Air, L-Gain",
    "doors": "Fiberglass",
    "water_heater": "Electric Standard",
    "hot_water_fixtures": "100% Usage",
    "hot_water_distribution": "Uninsulated, TrunkBranch, Copper",
    "solar_hot_water": "None",
    "hvac_system_is_heat_pump": "No",
    "hvac_system_heat_pump": "None",
    "hvac_system_heating_electricity": "Electric Baseboard",
    "hvac_system_heating_natural_gas": "None",
    "hvac_system_heating_propane": "None",
    "hvac_system_heating_fuel_oil": "None",
    "hvac_system_heating_other_fuel": "None",
    "hvac_system_heating_none": "None",
    "hvac_system_cooling": "AC, SEER 8",
    "hvac_system_cooling_type": "Central",
    "heating_setpoint": "70F",
    "cooling_setpoint": "75F",
    "heating_setpoint_has_offset": "No",
    "cooling_setpoint_has_offset": "Yes",
    "heating_setpoint_offset_magnitude": "0F",
    "cooling_setpoint_offset_magnitude": "5F",
    "cooling_setpoint_offset_period": "Day Setup",
    "heating_setpoint_offset_period": "None",
    "ceiling_fan": "National Average",
    "dehumidifier": "None",
    "refrigerator": "EF 15.9",
    "refrigeration_schedule": "National Average",
    "cooking_range": "Electric, 100% Usage",
    "cooking_range_schedule": "National Average",
    "dishwasher": "290 Rated kWh, 100% Usage",
    "clothes_washer_presence": "Yes",
    "clothes_washer": "EnergyStar, 100% Usage",
    "clothes_dryer": "None",
    "lighting": "100% CFL",
    "lighting_interior_use": "100% Usage",
    "lighting_other_use": "100% Usage",
    "holiday_lighting": "No Exterior Use",
    "plug_loads": "100%",
    "plug_loads_schedule": "National Average",
    "electric_vehicle": "None",
    "misc_extra_refrigerator": "None",
    "misc_freezer": "EF 12, Average Installed",
    "misc_gas_fireplace": "None",
    "misc_gas_grill": "None",
    "misc_gas_lighting": "None",
    "misc_hot_tub_spa": "None",
    "misc_pool": "Has Pool",
    "misc_pool_heater": "Electric",
    "misc_pool_pump": "1.0 HP Pump",
    "misc_pool_schedule": "National Average",
    "misc_well_pump": "Typical Efficiency",
    "ducts": "20% Leakage, R-4",
    "infiltration": "10 ACH50",
    "natural_ventilation": "Year-Round, 3 days/wk",
    "mechanical_ventilation": "None",
    "bathroom_spot_vent_hour": "Hour1",
    "range_spot_vent_hour": "Hour10",
    "pv": "None",
    "days_shifted": "Day255",
    "location_city": "Orlando Intl Arpt",
    "location_state": "FL",
    "location_latitude": "28.43",
    "location_longitude": "-81.33",
    "climate_zone_ba": "Hot-Humid",
    "climate_zone_iecc": "2A",
    "units_represented": "1",
    "units_modeled": "1",
    "weight": "0.0",
    "applicable": true
  },
  "simulation_output_report": {
    "include_enduse_subcategories": false,
    "total_site_electricity_kwh": 21671.97099762448,
    "net_site_electricity_kwh": 21671.97099762448,
    "electricity_heating_kwh": 1279.579440948816,
    "electricity_central_system_heating_kwh": 0.0,
    "electricity_cooling_kwh": 5132.138540447603,
    "electricity_central_system_cooling_kwh": 0.0,
    "electricity_interior_lighting_kwh": 1256.4684131737322,
    "electricity_exterior_lighting_kwh": 278.85906108709185,
    "electricity_exterior_holiday_lighting_kwh": 0.0,
    "electricity_garage_lighting_kwh": 34.668271318595814,
    "electricity_interior_equipment_kwh": 11044.64751685291,
    "electricity_fans_heating_kwh": 0.0,
    "electricity_fans_cooling_kwh": 1075.89214278231,
    "electricity_pumps_heating_kwh": 0.0,
    "electricity_central_system_pumps_heating_kwh": 0.0,
    "electricity_pumps_cooling_kwh": 0.0,
    "electricity_central_system_pumps_cooling_kwh": 0.0,
    "electricity_water_systems_kwh": 1569.7176110134171,
    "electricity_pv_kwh": 0.0,
    "total_site_natural_gas_therm": 0.0,
    "natural_gas_heating_therm": 0.0,
    "natural_gas_central_system_heating_therm": 0.0,
    "natural_gas_interior_equipment_therm": 0.0,
    "natural_gas_water_systems_therm": 0.0,
    "total_site_fuel_oil_mbtu": 0.0,
    "fuel_oil_heating_mbtu": 0.0,
    "fuel_oil_central_system_heating_mbtu": 0.0,
    "fuel_oil_water_systems_mbtu": 0.0,
    "total_site_propane_mbtu": 0.0,
    "propane_heating_mbtu": 0.0,
    "propane_central_system_heating_mbtu": 0.0,
    "propane_interior_equipment_mbtu": 0.0,
    "propane_water_systems_mbtu": 0.0,
    "total_site_wood_mbtu": 0.0,
    "wood_heating_mbtu": 0.0,
    "total_site_energy_mbtu": 73.9477753547155,
    "net_site_energy_mbtu": 73.9477753547155,
    "hours_heating_setpoint_not_met": 0.0,
    "hours_cooling_setpoint_not_met": 30.33,
    "hvac_cooling_capacity_w": 27279.3561858273,
    "hvac_heating_capacity_w": 8909.2122987574,
    "hvac_heating_supp_capacity_w": 0.0,
    "weight": 0.0,
    "wall_area_above_grade_conditioned_ft_2": 1914.73,
    "wall_area_above_grade_exterior_ft_2": 2635.4,
    "wall_area_below_grade_ft_2": 0.0,
    "floor_area_conditioned_ft_2": 3000.0,
    "floor_area_attic_ft_2": 3000.0,
    "floor_area_lighting_ft_2": 3576.0,
    "roof_area_ft_2": 3998.09,
    "window_area_ft_2": 240.38,
    "door_area_ft_2": 20.0,
    "duct_surface_area_ft_2": 1110.0,
    "size_heating_system_kbtu_h": 30.4,
    "size_cooling_system_kbtu_h": 93.08,
    "size_water_heater_gal": 50.0,
    "upgrade_name": "",
    "upgrade_cost_usd": "",
    "applicable": true
  },
  "timeseries_csv_export": {
    "reporting_frequency": "Hourly",
    "include_enduse_subcategories": false,
    "applicable": true
  },
  "server_directory_cleanup": {
    "applicable": true
  }
}